frame,interval_ms,begin_ms,acquire_ms,present_ms,inside_ms
0,0.0000,0.0213,0.0612,0.7983,9.6398
1,9.7216,0.0166,0.0332,0.3008,0.4508
2,0.4872,0.0170,0.0194,0.1292,0.2465
3,0.2785,0.0136,0.0192,0.0636,0.1708
4,0.1963,0.6521,0.0259,10.1357,10.9002
5,10.9644,0.0307,0.0389,0.0899,0.2747
6,0.3146,4.4835,0.0354,2.4993,7.1360
7,7.2003,19.0949,0.0554,0.7044,20.0536
8,20.1143,13.3393,0.0418,0.1410,13.6741
9,13.7340,20.4292,0.0635,0.2994,20.9227
10,20.9812,6.7705,0.0480,0.2943,7.2441
11,7.3124,5.3666,0.0518,0.2623,5.8777
12,5.9503,6.0284,0.0483,0.3026,6.5190
13,6.6045,6.0547,0.0476,0.1814,6.4242
14,6.5019,8.0264,0.0641,0.0993,8.3665
15,8.4309,6.7801,0.0415,0.1079,7.0951
16,7.1579,6.7177,0.0431,0.1066,7.0224
17,7.0867,5.5518,0.0310,0.0763,5.8388
18,5.8867,6.3279,0.0838,0.1416,6.6726
19,6.7677,6.7453,0.0282,0.0970,7.0040
20,7.0472,6.7248,0.0303,0.2126,7.0815
21,7.1314,6.7714,0.0581,0.0977,7.0781
22,7.1271,6.4793,0.0291,0.0865,6.7312
23,6.7786,6.4981,0.0291,0.2690,6.9134
24,6.9576,6.4987,0.0327,0.2558,6.8904
25,6.9367,6.5503,0.0391,0.2721,6.9650
26,7.0136,5.5875,0.0331,0.1854,5.8966
27,5.9381,6.4707,0.0515,0.1172,6.8152
28,6.8998,6.4707,0.0319,0.2211,6.8254
29,6.8720,6.6914,0.0526,0.1194,7.0034
30,7.0723,8.4754,0.0732,0.2162,9.0531
31,9.1225,5.5958,0.0344,0.2294,5.9904
32,6.0504,6.3170,0.0305,0.2353,6.6928
33,6.7428,5.5075,0.0254,0.1287,5.7605
34,5.8062,7.2989,0.0351,0.0818,7.5945
35,7.6417,5.9529,0.0338,0.1976,6.3245
36,6.3728,7.0094,0.0692,0.0934,7.2944
37,7.3444,6.9167,0.0275,0.1252,7.1798
38,7.2545,5.9277,0.0721,0.1740,6.3032
39,6.4095,6.7053,0.0376,0.2245,7.0729
40,7.1175,7.1697,0.0335,0.1072,7.4473
41,7.4943,5.9568,0.0255,0.2528,6.3278
42,6.4113,6.4726,0.0245,0.2563,6.8610
43,6.8998,6.9191,0.0257,0.1802,7.2239
44,7.2673,6.5922,0.0231,0.2617,6.9758
45,7.0180,6.6736,0.0307,0.2550,7.0610
46,7.1069,6.3485,0.0295,0.1731,6.6665
47,6.7100,6.4854,0.0237,0.2570,6.8528
48,6.8990,7.0919,0.0549,0.1010,7.3837
49,7.4421,8.8944,0.0580,0.1116,9.1928
50,9.2511,4.3302,0.0351,0.0834,4.6016
51,4.6489,6.3267,0.0311,0.1191,6.5928
52,6.6445,6.5314,0.0601,0.0846,6.7916
53,6.8413,6.3809,0.0608,0.0869,6.6572
54,6.7057,6.0029,0.0418,0.2136,6.3992
55,6.4696,6.4247,0.0379,0.2021,6.7809
56,6.8384,6.5885,0.0644,0.1233,6.8967
57,6.9567,6.4422,0.0238,0.2005,6.7578
58,6.8001,6.5984,0.0253,0.2148,6.9605
59,7.0071,6.4237,0.0266,0.1876,6.7862
60,6.8397,6.6662,0.0406,0.1996,7.0658
61,7.1053,6.2788,0.0272,0.1972,6.6137
62,6.6711,6.6087,0.0233,0.2615,6.9865
63,7.0285,6.8567,0.0265,0.0792,7.0606
64,7.1126,6.5194,0.0227,0.1452,6.7857
65,6.8281,6.7866,0.0261,0.1647,7.0788
66,7.1262,6.8411,0.0252,0.1548,7.1639
67,7.2103,6.2290,0.0262,0.1853,6.5461
68,6.6014,6.8123,0.0243,0.1610,7.0930
69,7.1342,6.7404,0.0363,0.0938,6.9874
70,7.0572,6.4499,0.0390,0.2196,6.8344
71,6.9446,14.3745,0.0762,0.4486,15.0420
72,15.1296,5.4588,0.0284,0.2371,5.8381
73,5.8930,6.3197,0.0265,0.2364,6.6898
74,6.7598,6.5537,0.0258,0.0876,6.7735
75,6.8141,6.7291,0.0367,0.1056,6.9912
76,7.0451,6.5026,0.0303,0.0739,6.7256
77,6.7653,6.7514,0.0411,0.2510,7.1825
78,7.2355,6.3529,0.0264,0.0894,6.5721
79,6.6118,7.3818,0.0281,0.2204,7.7315
80,7.7753,5.8534,0.0270,0.0798,6.0747
81,6.1117,6.2757,0.0350,0.1753,6.5928
82,6.6312,6.7461,0.0236,0.1641,7.0293
83,7.0683,6.8969,0.0251,0.0820,7.1015
84,7.1700,6.7069,0.0439,0.2640,7.1262
85,7.1858,6.2738,0.0428,0.2191,6.6356
86,6.6863,6.7322,0.0461,0.1294,7.0442
87,7.0877,6.6175,0.0246,0.1604,6.9266
88,6.9960,6.6502,0.0545,0.0923,6.9060
89,6.9798,6.8248,0.0258,0.1671,7.1402
90,7.1882,6.1832,0.0261,0.1511,6.4583
91,6.5019,6.5555,0.0330,0.2048,6.9190
92,6.9832,6.2231,0.0298,0.2774,6.6320
93,6.6779,6.8872,0.0413,0.1885,7.2176
94,7.2611,6.3602,0.0247,0.1621,6.6813
95,6.7214,7.2386,0.0949,0.2020,7.6522
96,7.7034,5.9932,0.1456,0.1489,6.4142
97,6.4661,6.1424,0.0280,0.2632,6.5566
98,6.6335,6.5674,0.0311,0.2025,6.9122
99,7.0753,6.5562,0.0322,0.1313,6.8580
100,6.9067,6.5348,0.0275,0.1769,6.8338
101,6.8891,6.6767,0.0265,0.1604,6.9720
102,7.0135,6.1549,0.0247,0.2099,6.4915
103,6.5325,6.6712,0.0226,0.2209,7.0071
104,7.0469,6.8078,0.0587,0.0736,7.0820
105,7.1206,7.3664,0.0582,0.1518,7.7349
106,7.8211,5.5583,0.0277,0.1816,5.8833
107,5.9284,6.8413,0.0282,0.2001,7.1721
108,7.2388,6.3055,0.0196,0.2278,6.6486
109,6.6912,6.8333,0.0675,0.0805,7.1097
110,7.1545,6.2220,0.0393,0.1600,6.5281
111,6.5853,6.6485,0.0276,0.1734,6.9720
112,7.0287,6.6154,0.0379,0.2003,6.9564
113,7.0008,6.5094,0.0247,0.1886,6.8244
114,6.8859,8.1198,0.0533,0.1586,8.5422
115,8.6931,5.2843,0.0379,0.1761,5.6517
116,5.6992,6.3590,0.0526,0.0819,6.6254
117,6.6672,6.6760,0.0426,0.1426,6.9597
118,6.9985,6.4095,0.0250,0.2360,6.7851
119,6.8285,6.3058,0.0236,0.2699,6.6919
120,6.7351,6.5693,0.0297,0.2169,6.9332
121,6.9914,6.5315,0.0222,0.2023,6.8608
122,6.9003,6.6562,0.0453,0.1681,6.9808
123,7.0275,6.4740,0.0226,0.2077,6.8012
124,6.8419,6.6970,0.0258,0.2225,7.0592
125,7.1003,6.5113,0.0237,0.1903,6.8234
126,6.8691,6.5561,0.0257,0.1598,6.8689
127,6.9080,6.9509,0.0696,0.0881,7.2391
128,7.2859,6.6480,0.0239,0.0813,6.8825
129,6.9321,6.8572,0.0261,0.0811,7.0876
130,7.1271,6.4951,0.0313,0.1980,6.8367
131,6.8819,6.4810,0.0245,0.1851,6.7864
132,6.8275,6.9288,0.0356,0.1239,7.2011
133,7.2612,6.1706,0.0323,0.2645,6.5687
134,6.6175,7.1685,0.0526,0.1100,7.4780
135,7.6640,5.6725,0.0316,0.1994,6.0076
136,6.0636,6.7730,0.0313,0.0824,7.0304
137,7.0716,6.5151,0.0257,0.3627,6.9999
138,7.0536,6.6138,0.0360,0.1708,6.9338
139,6.9743,6.1461,0.0295,0.1686,6.4918
140,6.5413,6.6625,0.0294,0.1374,6.9297
141,6.9728,6.5106,0.0256,0.1883,6.8200
142,7.0779,7.1826,0.0326,0.1812,7.5162
143,7.5674,5.7544,0.0232,0.1751,6.0502
144,6.1578,6.5160,0.0216,0.1763,6.8084
145,6.8435,6.6354,0.0202,0.1943,6.9825
146,7.0352,6.8116,0.0263,0.1717,7.1277
147,7.1666,6.7881,0.0258,0.1622,7.0689
148,7.1143,6.4577,0.0279,0.0983,6.7175
149,6.7715,6.9586,0.0417,0.2466,7.4180
150,7.5047,5.9373,0.0278,0.1632,6.2383
151,6.2848,6.4003,0.0283,0.1809,6.7280
152,6.7813,6.6604,0.0304,0.2552,7.0414
153,7.0832,6.4525,0.0230,0.2619,6.8359
154,6.9453,6.3844,0.0303,0.1959,6.7091
155,6.7991,6.7452,0.0318,0.1516,7.0516
156,7.0966,6.4510,0.0355,0.1373,6.7462
157,6.8088,6.6367,0.0249,0.1744,6.9454
158,6.9889,16.3076,0.0482,2.0828,18.5873
159,18.6849,2.3058,0.0363,0.0882,2.6506
160,2.7226,6.3033,0.0707,0.0964,6.5864
161,6.6466,6.5697,0.0783,0.1819,6.9822
162,7.0977,5.9962,0.0385,0.1782,6.3758
163,6.4639,6.7379,0.0284,0.1939,7.0813
164,7.1524,6.5573,0.0260,0.1893,6.8814
165,6.9312,6.3539,0.0373,0.1809,6.6724
166,6.7273,6.6444,0.0303,0.1523,6.9252
167,6.9655,6.7353,0.0360,0.1416,7.0371
168,7.0767,6.5861,0.0254,0.2364,6.9430
169,6.9847,6.6302,0.0261,0.2185,7.0133
170,7.0577,6.9293,0.0355,0.1110,7.2179
171,7.2763,6.5946,0.0343,0.2080,6.9948
172,7.0685,6.3976,0.0707,0.0967,6.6917
173,6.7656,6.8243,0.0460,0.1120,7.1050
174,7.1742,6.4402,0.0648,0.1282,6.8123
175,6.8985,6.0998,0.0329,0.0764,6.4112
176,6.4597,6.6614,0.0264,0.1476,6.9404
177,7.0306,6.7970,0.5887,0.2130,7.7611
178,7.8549,5.2730,0.0310,0.0833,5.5795
179,5.6230,6.6181,0.0277,0.1061,6.9508
180,6.9902,6.8581,0.0281,0.1690,7.1697
181,7.2250,6.2683,0.0234,0.1654,6.5560
182,6.5978,6.9482,0.0246,0.1716,7.2474
183,7.2888,6.4205,0.0225,0.2115,6.7449
184,6.7891,6.6680,0.0284,0.0722,6.9335
185,6.9734,6.8506,0.0243,0.1587,7.1286
186,7.1684,6.5520,0.0282,0.1309,6.8185
187,6.8583,6.6359,0.0232,0.0756,6.8263
188,6.8658,6.9153,0.0259,0.2245,7.2595
189,7.3428,6.1922,0.0249,0.0818,6.3971
190,6.4418,6.7725,0.0240,0.1447,7.0387
191,7.0800,6.3573,0.0363,0.2171,6.7345
192,6.8184,6.4691,0.0358,0.1938,6.8464
193,6.8951,6.5611,0.0434,0.1289,6.8452
194,6.8921,6.5665,0.0272,0.1740,6.8825
195,6.9242,6.5370,0.0326,0.2602,6.9463
196,7.0009,6.6162,0.0226,0.2057,6.9489
197,7.0439,6.4234,0.0272,0.1831,6.7341
198,6.7806,6.6303,0.0211,0.1842,6.9405
199,7.0175,6.4684,0.0232,0.1861,6.7822
200,6.8326,6.7671,0.0436,0.0841,7.0313
201,7.0938,8.3836,0.0956,0.2562,8.9438
202,9.0275,4.9269,0.0346,0.2796,5.3422
203,5.3948,6.1994,0.0317,0.2633,6.5960
204,6.6411,6.5014,0.0371,0.1835,6.8315
205,6.9207,6.4689,0.0808,0.0835,6.7623
206,6.8076,6.3177,0.0321,0.1940,6.6669
207,6.7254,6.5680,0.0268,0.1970,6.8985
208,6.9429,6.5558,0.0238,0.2154,6.8925
209,6.9367,6.5683,0.0218,0.2104,6.8997
210,6.9386,6.9524,0.0254,0.2043,7.3036
211,7.3627,6.5874,0.0365,0.2235,6.9526
212,7.0345,6.3942,0.0246,0.1463,6.6632
213,6.6988,6.7881,0.0390,0.0901,7.0177
214,7.0607,6.6359,0.0574,0.0896,6.9018
215,6.9529,6.2920,0.0240,0.2156,6.6251
216,6.6699,6.9340,0.0235,0.1703,7.2193
217,7.2587,6.3768,0.0333,0.0828,6.6773
218,6.7205,6.7472,0.0278,0.0787,6.9470
219,6.9875,7.5227,0.0272,0.2695,7.9533
220,7.9963,5.8360,0.0494,0.1293,6.1553
221,6.2299,6.3582,0.0372,0.1514,6.6855
222,6.7430,6.2801,0.0252,0.1939,6.6055
223,6.6691,6.5200,0.0359,0.1524,6.8323
224,6.8879,6.6879,0.0644,0.1546,7.0073
225,7.0517,6.5182,0.0265,0.1510,6.8357
226,6.8767,6.7084,0.0265,0.1780,7.0187
227,7.0643,6.4959,0.0305,0.1617,6.7809
228,6.8368,6.6887,0.0285,0.2777,7.1072
229,7.1517,6.3804,0.0234,0.2200,6.7251
230,6.8071,6.3355,0.0245,0.2086,6.6712
231,6.7100,6.7260,0.0252,0.1630,7.0216
232,7.0716,6.9595,0.0222,0.1702,7.2403
233,7.2785,6.3361,0.0238,0.1492,6.6135
234,6.6550,6.7674,0.0256,0.1536,7.0672
235,7.1342,6.7205,0.0351,0.1343,7.0378
236,7.1074,6.3038,0.0299,0.1392,6.5884
237,6.6702,6.5261,0.0238,0.4050,7.0855
238,7.1413,6.8928,0.0290,0.1961,7.2346
239,7.2887,6.2855,0.0278,0.0744,6.5444
240,6.5921,6.5617,0.0266,0.1737,6.8583
241,6.9002,6.6638,0.0274,0.0822,6.8771
242,6.9170,16.1121,0.0419,2.0644,18.3544
243,18.4423,2.2416,0.0272,0.1616,2.5555
244,2.5982,6.4537,0.0324,0.0911,6.7262
245,6.7820,6.1158,0.0263,0.2290,6.4739
246,6.5165,6.5782,0.0221,0.2092,6.9082
247,6.9458,6.7119,0.0218,0.2112,7.0336
248,7.0686,6.5823,0.0400,0.1315,6.9069
249,6.9693,6.4133,0.0245,0.2514,6.8046
250,6.8556,6.4663,0.0945,0.1032,6.8515
251,6.9010,6.5906,0.0251,0.2050,6.9194
252,6.9616,6.5694,0.0225,0.2135,6.8999
253,6.9381,6.5784,0.0209,0.2175,6.9054
254,6.9435,6.6196,0.0214,0.2314,6.9633
255,7.0020,7.0823,0.0256,0.1489,7.3963
256,7.4425,6.4465,0.0252,0.0735,6.6440
257,6.7302,6.3958,0.0704,0.0812,6.7300
258,6.7737,6.6553,0.0225,0.1395,6.9168
259,6.9560,6.7868,0.0268,0.1561,7.0652
260,7.1145,6.6682,0.0249,0.0759,6.8682
261,6.9059,6.7323,0.0267,0.0830,6.9381
262,6.9768,6.5911,0.0255,0.0755,6.7860
263,6.8213,7.2420,0.0835,0.1553,7.6569
264,7.7369,6.6042,0.0370,0.0995,6.9231
265,7.0980,5.6048,0.0280,0.1999,5.9424
266,5.9807,7.2078,0.0324,0.0974,7.4665
267,7.5143,6.3876,0.0249,0.1612,6.6873
268,6.7261,6.0107,0.0285,0.2125,6.3648
269,6.4106,7.1915,0.0317,0.2174,7.5567
270,7.6180,6.4115,0.0377,0.0900,6.6899
271,6.7437,6.3294,0.0229,0.2121,6.6654
272,6.7324,6.6564,0.0254,0.1891,6.9773
273,7.0242,6.8678,0.0323,0.1243,7.1579
274,7.2179,6.5084,0.0344,0.1691,6.8366
275,6.9010,6.8868,0.0377,0.2703,7.3423
276,7.4152,6.1783,0.0334,0.0941,6.5006
277,6.5591,6.0064,0.0557,0.1872,6.4183
278,6.4735,6.3383,0.0334,0.1820,6.6693
279,6.7250,6.5771,0.0238,0.2032,6.9046
280,6.9464,6.5655,0.0235,0.2496,6.9516
281,6.9973,6.5056,0.0227,0.2112,6.8344
282,6.8722,6.6380,0.0421,0.1387,6.9175
283,6.9584,6.7683,0.0251,0.1796,7.0691
284,7.1314,14.2496,0.0516,0.4562,14.9347
285,15.2616,5.0667,0.0611,0.1083,5.4657
286,5.5130,6.7326,0.0303,0.2015,7.0798
287,7.1402,6.6378,0.0264,0.1935,6.9684
288,7.0124,6.5037,0.0350,0.1349,6.7688
289,6.8890,6.6845,0.0243,0.1823,6.9890
290,7.0294,6.7131,0.0355,0.2102,7.0787
291,7.1422,6.6482,0.0537,0.2401,7.1573
292,7.2380,6.3064,0.0358,0.0960,6.6294
293,6.6933,6.2034,0.0382,0.1482,6.5631
294,6.6568,6.6913,0.0288,0.2378,7.0695
295,7.1155,6.3190,0.0233,0.1713,6.6103
296,6.6503,6.5211,0.0225,0.1952,6.8396
297,6.8765,6.7363,0.0319,0.0836,6.9873
298,7.0355,6.5674,0.0253,0.1898,6.8788
299,6.9742,6.5213,0.0274,0.1479,6.7994
300,6.8402,6.8382,0.0474,0.2401,7.2477
301,7.3090,6.6730,0.0348,0.0982,6.9361
302,7.0141,6.6273,0.0265,0.0840,6.8394
303,6.8876,5.9909,0.0404,0.3158,6.5307
304,6.5997,6.5384,0.0463,0.1153,6.8729
305,6.9433,6.3964,0.0428,0.2334,6.8158
306,6.9487,6.3340,0.0395,0.1749,6.6834
307,6.7421,6.6600,0.0292,0.2076,7.0121
308,7.0588,6.5322,0.0266,0.1951,6.8634
309,6.9190,6.5149,0.0238,0.1990,6.8413
310,6.8806,6.6786,0.0222,0.2021,7.0003
311,7.0378,6.5974,0.0269,0.1913,6.9216
312,6.9586,6.4042,0.0271,0.1290,6.6653
313,6.7127,6.6314,0.0240,0.2285,6.9959
314,7.0361,6.6165,0.0227,0.1953,6.9311
315,6.9744,6.7180,0.0268,0.1766,7.0406
316,7.0882,6.3574,0.0241,0.2382,6.7295
317,6.7819,6.6011,0.0252,0.1592,6.8923
318,7.0223,6.9986,0.0523,0.1589,7.3074
319,7.3557,6.3245,0.0244,0.1762,6.6241
320,6.6676,6.6697,0.0661,0.2548,7.1152
321,7.2333,6.3199,0.0427,0.1645,6.6417
322,6.6826,6.4638,0.0306,0.1724,6.7741
323,6.8249,6.7070,0.0369,0.2375,7.1073
324,7.2211,6.4018,0.0243,0.0794,6.6463
325,6.6877,6.6828,0.0282,0.0979,6.9571
326,7.0024,6.4367,0.0300,0.2159,6.7731
327,6.8124,6.6002,0.0355,0.1943,6.9288
328,6.9746,14.1307,0.0759,0.1599,14.6648
329,14.7763,5.6466,0.0317,0.1911,5.9680
330,6.0156,6.4667,0.0308,0.1950,6.7868
331,6.8667,6.5430,0.0303,0.1582,6.8352
332,6.8799,6.7418,0.0244,0.1748,7.0349
333,7.0886,6.8646,0.0260,0.1568,7.1646
334,7.2135,6.2870,0.0937,0.1427,6.6540
335,6.7159,6.4101,0.0244,0.2165,6.7854
336,6.8299,6.7950,0.0277,0.2451,7.1850
337,7.2349,6.5008,0.0195,0.1813,6.8246
338,6.8681,6.7402,0.0286,0.0835,6.9927
339,7.0381,6.4397,0.0270,0.2447,6.8058
340,6.8741,6.3146,0.0304,0.1669,6.6262
341,6.6785,6.9095,0.0847,0.0820,7.2016
342,7.2485,6.6904,0.0342,0.0867,6.9649
343,7.0105,6.5609,0.0335,0.1079,6.9968
344,7.0633,6.5128,0.0257,0.1580,6.8040
345,6.8439,6.7657,0.0280,0.1675,7.0851
346,7.1359,6.1400,0.0575,0.0709,6.5093
347,6.5491,6.7355,0.0618,0.0953,7.0285
348,7.0689,6.2206,0.0389,0.1752,6.5782
349,6.6764,6.6737,0.0269,0.1613,7.0257
350,7.0914,6.3561,0.0287,0.1705,6.7415
351,6.7924,6.5819,0.0269,0.1029,6.8713
352,7.2557,6.2247,0.0288,0.1749,6.5475
353,6.5855,6.7058,0.0299,0.2465,7.0774
354,7.1517,6.4867,0.0274,0.2059,6.8417
355,6.8936,6.4830,0.0248,0.1830,6.7906
356,6.8379,6.6979,0.0219,0.1148,6.9317
357,6.9788,7.1521,0.0329,0.1777,7.4684
358,7.5239,6.7647,0.0553,0.0795,7.0125
359,7.0626,6.1540,0.0280,0.0802,6.3624
360,6.4012,7.0878,0.0329,0.1106,7.3524
361,7.4109,6.7740,0.0324,0.0920,7.0228
362,7.1549,6.0909,0.0312,0.0804,6.3254
363,6.3811,6.2280,0.0719,0.1030,6.5365
364,6.6417,6.4419,0.0573,0.1708,6.8788
365,6.9252,6.5976,0.0234,0.2488,6.9740
366,7.0232,6.4697,0.0282,0.1824,6.7875
367,6.8381,6.5321,0.0373,0.1516,6.8330
368,6.8944,6.5034,0.0367,0.1849,6.8234
369,6.8785,6.7539,0.0535,0.1128,7.0408
370,7.1371,6.8551,0.0288,0.4002,7.3926
371,7.4398,7.1875,0.0450,0.2345,7.6339
372,7.7892,5.0333,0.0297,0.1863,5.3662
373,5.4153,6.6318,0.0259,0.2135,6.9665
374,7.0088,6.7368,0.0265,0.2338,7.0921
375,7.1358,6.4985,0.0236,0.2259,6.8441
376,6.8822,6.7439,0.0496,0.1757,7.0636
377,7.1038,6.4608,0.0413,0.1080,6.7465
378,6.8245,6.2538,0.0340,0.1788,6.6555
379,6.7101,6.7426,0.0313,0.2163,7.1846
380,7.2437,6.2476,0.0351,0.1841,6.6580
381,6.7236,6.5304,0.0302,0.1815,6.9233
382,6.9794,6.4515,0.0293,0.2011,6.8507
383,6.8934,6.4757,0.0242,0.1899,6.8629
384,6.9059,6.5643,0.0258,0.1949,6.9674
385,7.0098,6.3752,0.0224,0.2025,6.7786
386,6.8377,6.8131,0.0521,0.0900,7.1705
387,7.2391,6.5294,0.0529,0.0899,6.8682
388,6.9416,6.5538,0.0242,0.0766,6.8180
389,6.8699,6.8514,0.0287,0.0887,7.1412
390,7.1831,6.5656,0.0304,0.1144,6.9009
391,6.9474,6.7580,0.0406,0.0999,7.0953
392,7.1643,6.0083,0.1136,0.1338,6.4270
393,6.4733,6.3171,0.0228,0.2254,6.7407
394,6.7819,6.4222,0.0268,0.1760,6.8239
395,6.8761,6.5236,0.0369,0.1871,6.9166
396,6.9703,6.5379,0.0255,0.1224,6.8833
397,6.9219,6.7284,0.0292,0.2375,7.1448
398,7.2006,6.4074,0.0383,0.1637,6.7907
399,6.8374,6.6786,0.0291,0.1266,7.0547
400,7.1028,6.4538,0.0247,0.1201,6.7679
401,6.8058,6.9749,0.0249,0.0771,7.2211
402,7.2619,6.4133,0.0296,0.0796,6.7214
403,6.7601,6.4425,0.0531,0.1316,6.8226
404,6.8602,6.5978,0.0303,0.0802,6.8964
405,6.9325,6.8653,0.0286,0.0813,7.1642
406,7.2152,6.7274,0.0548,0.1956,7.1877
407,7.3004,5.9328,0.0264,0.3000,6.4207
408,6.5084,6.8573,0.0604,0.0992,7.1982
409,7.2567,6.6162,0.0257,0.0822,6.8905
410,6.9322,6.3307,0.0283,0.0693,6.6131
411,6.6542,6.5835,0.0246,0.0831,6.8454
412,6.8839,14.8689,0.0397,0.1030,15.2137
413,15.3032,4.8802,0.0583,0.0949,5.2118
414,5.3068,6.9654,0.0300,0.1240,7.3604
415,7.4073,6.5011,0.0402,0.0852,6.8448
416,6.9091,6.3894,0.0318,0.1978,6.7966
417,6.8493,6.3406,0.0230,0.1800,6.7176
418,6.7624,6.5012,0.0310,0.0823,6.7898
419,6.8337,6.4344,0.0277,0.1841,6.8138
420,6.8516,6.5027,0.0331,0.1846,6.8550
421,6.9154,6.5435,0.0248,0.2106,6.9064
422,6.9524,6.5254,0.0241,0.2169,6.8686
423,6.9086,6.5594,0.0271,0.2034,6.8927
424,6.9281,7.1847,0.0301,0.0843,7.4028
425,7.4454,6.5215,0.0419,0.2095,6.8997
426,6.9763,6.3768,0.0215,0.2555,6.7531
427,6.7922,6.4653,0.0293,0.1507,6.7692
428,6.8641,7.1305,0.0300,0.2225,7.5320
429,7.5777,6.6107,0.0257,0.1425,6.8811
430,6.9218,6.2526,0.0254,0.1590,6.5411
431,6.5784,6.1313,0.0290,0.1743,6.4482
432,6.5040,7.1964,0.0374,0.3090,7.7076
433,7.7866,6.3434,0.0272,0.0825,6.5620
434,6.6054,6.9136,0.0532,0.1968,7.3122
435,7.4301,5.7705,0.0304,0.2060,6.1411
436,6.2664,6.5130,0.0266,0.1008,6.7627
437,6.8072,6.5911,0.0249,0.1688,6.8860
438,6.9252,6.4816,0.0315,0.1288,6.7937
439,6.8480,6.5587,0.0246,0.1491,6.8354
440,6.9345,6.6134,0.0311,0.1609,6.9083
441,6.9493,6.9463,0.0260,0.0820,7.1903
442,7.2324,6.6262,0.0252,0.0817,6.8359
443,6.8792,6.5747,0.0285,0.0995,6.8408
444,6.8934,6.9788,0.0411,0.1481,7.3415
445,7.4272,6.5358,0.0330,0.0935,6.7779
446,6.8329,6.1219,0.0342,0.1732,6.4490
447,6.4947,6.7096,0.0451,0.1625,7.0334
448,7.0823,6.7161,0.0248,0.1158,6.9628
449,7.0010,7.0432,0.0552,0.1521,7.4533
450,7.5264,5.7997,0.0399,0.0846,6.1163
451,6.1604,6.6658,0.0356,0.1281,6.9825
452,7.0316,6.7502,0.0256,0.1299,7.0106
453,7.0569,6.2468,0.0224,0.1265,6.4968
454,6.5670,7.0499,0.0275,0.0853,7.2788
455,7.3984,6.1371,0.0278,0.1924,6.4708
456,6.5200,6.4753,0.0239,0.2171,6.8161
457,6.9490,7.5344,0.0478,0.4127,8.1653
458,8.2711,5.5003,0.0460,0.2361,5.9166
459,5.9849,6.0156,0.0278,0.2235,6.3893
460,6.4706,6.5503,0.0403,0.1768,6.8949
461,6.9339,7.1087,0.0514,0.0875,7.3945
462,7.4338,6.3311,0.0436,0.1185,6.6083
463,6.6475,7.1206,0.0471,0.2925,7.5971
464,7.6723,5.8106,0.0405,0.0858,6.1605
465,6.2263,6.5856,0.0357,0.2018,6.9432
466,6.9973,6.8447,0.0277,0.0805,7.0745
467,7.1200,6.3503,0.0282,0.2481,6.7551
468,6.7997,6.4007,0.0200,0.1920,6.7377
469,6.7946,6.6482,0.0242,0.1885,6.9708
470,7.0175,6.4034,0.0527,0.1305,6.7193
471,6.7782,6.5491,0.0298,0.1793,6.8831
472,6.9348,6.7802,0.0216,0.1619,7.0603
473,7.1021,6.7543,0.0236,0.0708,6.9461
474,6.9825,6.6995,0.0537,0.0906,6.9647
475,7.0425,6.5508,0.0249,0.0883,6.7778
476,6.8175,6.8451,0.0257,0.0874,7.0567
477,7.0955,6.7652,0.0237,0.1164,7.0024
478,7.0411,6.6065,0.0440,0.1870,7.0328
479,7.1263,6.3990,0.0293,0.1281,6.6682
480,6.7159,6.3804,0.0263,0.0755,6.6053
481,6.6503,6.6514,0.0473,0.1814,7.0107
482,7.0518,6.6543,0.0286,0.1623,6.9546
483,6.9988,6.7757,0.0251,0.1141,7.0265
484,7.0678,6.4740,0.0357,0.1069,6.7180
485,6.7650,7.0366,0.0285,0.1166,7.3540
486,7.3989,6.3868,0.0240,0.0771,6.5928
487,6.6339,6.4517,0.0357,0.0880,6.7934
488,6.8507,6.1974,0.0256,0.1210,6.5199
489,6.5570,7.0463,0.0248,0.0751,7.2511
490,7.2885,6.4384,0.0552,0.0836,6.6833
491,6.7235,6.7817,0.0518,0.0800,7.0584
492,7.1018,6.6305,0.0525,0.1176,7.0348
493,7.1123,6.3083,0.0281,0.1703,6.6267
494,6.6805,6.5432,0.0288,0.1739,6.8466
495,6.9562,6.4632,0.0441,0.1990,6.8180
496,6.8697,6.5535,0.0386,0.2128,6.9127
497,6.9558,6.6357,0.0235,0.2093,6.9806
498,7.0244,6.4279,0.0287,0.1937,6.7743
499,6.8443,7.7077,0.0622,0.1510,8.1122
500,8.1990,5.5435,0.0315,0.2143,5.9075
501,5.9585,6.3353,0.0209,0.1967,6.6582
502,6.6983,6.7730,0.0269,0.1891,7.0974
503,7.1395,6.6436,0.0499,0.1555,6.9459
504,6.9918,6.5502,0.0484,0.1595,6.8777
505,6.9172,6.7648,0.0251,0.2202,7.1373
506,7.1785,6.3331,0.0261,0.0820,6.5450
507,6.5853,7.0010,0.0331,0.1073,7.2832
508,7.3394,6.4702,0.0285,0.0847,6.6918
509,6.7342,6.4183,0.0252,0.2005,6.7458
510,6.8368,6.7234,0.0242,0.1619,7.0075
511,7.0496,6.6278,0.0274,0.0879,6.8801
512,6.9289,6.7003,0.0265,0.0848,6.9578
513,7.0392,6.9324,0.0303,0.1452,7.2310
514,7.2815,6.4103,0.0281,0.0983,6.6475
515,6.6907,6.1940,0.0228,0.2071,6.5268
516,6.5656,7.0203,0.0272,0.1249,7.2825
517,7.3273,6.7623,0.0245,0.0856,6.9785
518,7.0164,6.6923,0.0434,0.0953,6.9906
519,7.0516,6.1455,0.0521,0.1060,6.4533
520,6.4973,6.7559,0.0338,0.1094,7.0643
521,7.1264,6.3041,0.0373,0.1766,6.6650
522,6.7474,6.4722,0.0245,0.2375,6.8589
523,6.9320,6.7862,0.0374,0.0825,7.0229
524,7.0873,6.4695,0.0273,0.2003,6.8031
525,6.8497,6.1913,0.0239,0.2116,6.5346
526,6.5765,6.6494,0.0210,0.2081,6.9823
527,7.0216,6.5781,0.0241,0.1884,6.9048
528,6.9498,6.9390,0.0249,0.2157,7.2845
529,7.3404,7.4880,0.0297,0.2644,7.9004
530,7.9466,5.3688,0.0264,0.1092,5.6511
531,5.6932,6.6391,0.0273,0.1709,6.9563
532,6.9994,6.6864,0.0237,0.1678,6.9785
533,7.0179,6.4418,0.0311,0.2230,6.8190
534,6.8568,6.7547,0.0239,0.1917,7.0714
535,7.1108,6.4022,0.0251,0.1544,6.6946
536,6.7333,6.8977,0.0343,0.0986,7.1735
537,7.2368,6.3350,0.0264,0.1923,6.6675
538,6.7514,6.5943,0.0302,0.1664,6.9177
539,6.9706,6.6407,0.0249,0.0878,6.8945
540,6.9424,6.6475,0.0247,0.0717,6.8684
541,6.9450,14.6944,0.0711,0.2406,15.1492
542,15.3868,5.2418,0.0324,0.2147,5.6149
543,5.7446,6.2040,0.0222,0.2505,6.5909
544,6.6748,6.6022,0.0319,0.1543,6.8963
545,6.9549,6.5286,0.0297,0.2377,6.9040
546,6.9424,6.6570,0.0663,0.0820,6.9247
547,6.9881,6.4108,0.0264,0.2111,6.7506
548,6.7950,6.4544,0.0242,0.3372,6.9589
549,7.0066,7.0989,0.0466,0.1101,7.4113
550,7.4998,5.8997,0.0305,0.4280,6.4857
551,6.5374,6.4955,0.0232,0.2266,6.8723
552,6.9150,6.3429,0.0211,0.1703,6.6433
553,6.7261,6.7440,0.0228,0.1547,7.0284
554,7.0657,6.6674,0.0266,0.1561,6.9480
555,6.9871,6.6579,0.0345,0.0743,6.8725
556,6.9182,6.6902,0.0262,0.1156,6.9457
557,7.0201,6.6014,0.0284,0.2089,6.9515
558,6.9973,6.4536,0.0238,0.1627,6.7456
559,6.7860,6.4936,0.1257,0.0819,6.8423
560,6.8816,6.8267,0.0274,0.1984,7.1591
561,7.2069,6.1975,0.0230,0.3004,6.6208
562,6.6916,6.6980,0.0231,0.1839,7.0067
563,7.0484,6.5391,0.0268,0.1637,6.8989
564,6.9400,6.3828,0.1072,0.1649,6.8058
565,6.8996,6.4842,0.0364,0.1790,6.8122
566,6.8931,6.2498,0.0223,0.2051,6.5842
567,6.6543,6.9864,0.0265,0.1562,7.2754
568,7.3164,6.4439,0.0266,0.1402,6.7123
569,6.7514,6.8925,0.0245,0.1748,7.1913
570,7.2284,6.3336,0.0261,0.1221,6.5934
571,6.6445,6.9536,0.0255,0.1161,7.2078
572,7.3767,6.9861,0.0289,0.1820,7.3750
573,7.4269,6.6705,0.0372,0.1407,6.9762
574,7.0343,6.4542,0.0900,0.0805,6.7456
575,6.7876,5.7207,0.0317,0.2464,6.1314
576,6.2839,6.7174,0.0230,0.1706,7.0150
577,7.0613,6.5785,0.0235,0.2943,7.0002
578,7.0739,6.3949,0.0326,0.1979,6.7358
579,6.8068,6.0969,0.0293,0.1889,6.4363
580,6.4871,6.5887,0.0249,0.1684,6.9134
581,6.9620,6.5623,0.0226,0.2081,6.8939
582,6.9273,6.4674,0.0240,0.2282,6.8272
583,6.8651,6.6429,0.0231,0.2057,6.9763
584,7.0150,6.6593,0.0303,0.2309,7.0226
585,7.0784,6.5190,0.0210,0.1921,6.8409
586,6.8802,7.7971,0.0831,0.2659,8.3323
587,8.5329,5.3178,0.0383,0.2353,5.7244
588,5.8764,6.4010,0.0224,0.1836,6.7085
589,6.7676,7.2771,0.0325,0.2020,7.6452
590,7.6929,6.2859,0.0308,0.2572,6.6852
591,6.7272,6.7698,0.0619,0.1013,7.1266
592,7.1882,6.3003,0.0347,0.1942,6.6552
593,6.7106,5.7489,0.0426,0.1619,6.1012
594,6.2807,6.3689,0.0283,0.1846,6.7101
595,6.7627,6.4244,0.0284,0.1656,6.7428
596,6.7896,6.5813,0.0498,0.1391,6.9268
597,6.9936,6.5036,0.0243,0.2438,6.8883
598,6.9369,6.5537,0.0350,0.1902,6.9082
599,6.9588,6.6719,0.0307,0.1844,7.0127
600,7.0672,6.5666,0.0357,0.4022,7.1484
601,7.2142,6.5007,0.0290,0.2491,6.9083
602,7.0246,6.5343,0.0329,0.3218,7.0343
603,7.1012,6.0877,0.0267,0.2139,6.4410
604,6.4865,6.5589,0.0336,0.1289,6.8552
605,6.9256,6.5718,0.0253,0.4125,7.1209
606,7.1651,6.4736,0.0264,0.1787,6.7902
607,6.8428,6.3459,0.0340,0.1541,6.6713
608,6.7341,6.5631,0.0376,0.1035,6.8406
609,6.9026,6.4825,0.0337,0.1584,6.7947
610,6.8529,6.8424,0.0207,0.1836,7.1691
611,7.2091,6.8365,0.0298,0.1831,7.1569
612,7.2259,6.2971,0.0267,0.1593,6.6021
613,6.6437,6.8228,0.0261,0.3097,7.2632
614,7.3114,6.7675,0.0311,0.2201,7.1353
615,7.1967,6.1873,0.0293,0.0714,6.5094
616,6.5544,6.7454,0.0280,0.1294,7.0270
617,7.0755,6.1320,0.0343,0.1583,6.4295
618,6.4669,6.6800,0.0244,0.2284,7.0515
619,7.0929,6.7748,0.0224,0.1470,7.0452
620,7.0842,6.7160,0.0565,0.0893,6.9878
621,7.0386,6.7353,0.0299,0.2062,7.1225
622,7.1830,6.0479,0.0376,0.1365,6.3694
623,6.4395,6.6552,0.0339,0.2077,7.0217
624,7.0751,6.4477,0.0245,0.3077,6.8895
625,6.9380,6.4384,0.0266,0.2561,6.8392
626,6.8808,6.4586,0.0306,0.1497,6.7807
627,6.8204,6.7943,0.0281,0.1299,7.0786
628,7.1369,12.9756,0.0463,0.1569,13.3170
629,13.3851,7.2157,0.0325,0.0985,7.4991
630,7.5871,6.4109,0.0276,0.3633,6.9253
631,6.9655,6.4591,0.0293,0.1189,6.7415
632,6.7837,6.6983,0.0273,0.0801,6.9140
633,6.9529,6.3872,0.0356,0.0832,6.7127
634,6.7607,6.4108,0.0372,0.1963,6.7521
635,6.8443,6.5825,0.0374,0.1373,6.9145
636,7.0297,6.5311,0.0433,0.1410,6.8540
637,6.9327,6.8302,0.0441,0.1144,7.1283
638,7.2028,6.7973,0.0393,0.2326,7.2247
639,7.2999,6.4840,0.0494,0.1160,6.8192
640,6.9754,5.7377,0.0361,0.2094,6.1231
641,6.1800,6.6694,0.0285,0.1988,7.0266
642,7.0781,6.5270,0.0291,0.1839,6.8702
643,6.9211,6.3659,0.0245,0.1953,6.7060
644,6.7558,6.7675,0.0333,0.1781,7.1036
645,7.1523,6.7429,0.0346,0.1744,7.0874
646,7.1397,6.4447,0.0278,0.3344,6.9306
647,6.9760,6.4605,0.0248,0.1878,6.7895
648,6.8273,6.3358,0.0215,0.2107,6.6782
649,6.7160,6.6902,0.0268,0.1821,7.0076
650,7.0582,6.4296,0.0374,0.1669,6.7757
651,6.8453,6.5108,0.0261,0.2105,6.8676
652,6.9183,6.6336,0.0281,0.1617,6.9362
653,6.9772,6.6665,0.0289,0.2175,7.0309
654,7.0826,6.4405,0.0246,0.2001,6.8009
655,6.8419,6.5036,0.0280,0.1618,6.8224
656,6.8819,6.5760,0.0274,0.1760,6.8884
657,6.9410,6.8181,0.0420,0.0847,7.0536
658,7.1007,6.5209,0.0940,0.0930,6.8209
659,6.8658,6.5441,0.0247,0.2034,6.8695
660,6.9243,6.7856,0.0260,0.1806,7.1433
661,7.1950,6.5157,0.0211,0.2576,6.8927
662,6.9354,6.6252,0.0262,0.1931,6.9604
663,7.0026,7.0838,0.0394,0.1045,7.3582
664,7.4974,6.1023,0.0285,0.1780,6.4763
665,6.5244,6.9365,0.0522,0.1416,7.2884
666,7.3759,5.7494,0.0245,0.1983,6.0829
667,6.1216,6.8679,0.0266,0.0813,7.1320
668,7.1709,6.5852,0.0238,0.0933,6.8032
669,6.8509,14.8249,0.0733,0.1039,15.1470
670,15.2644,5.6961,0.0457,0.0956,5.9667
671,6.0475,5.7691,0.0600,0.1758,6.1718
672,6.2555,6.5493,0.0474,0.1153,6.8472
673,6.8880,6.5428,0.0211,0.2374,6.9010
674,6.9406,6.8976,0.0248,0.1927,7.2148
675,7.2553,6.3626,0.0303,0.1602,6.6559
676,6.6949,6.6516,0.0464,0.1140,6.9210
677,6.9736,6.5606,0.0253,0.1813,6.8732
678,6.9185,7.1505,0.0373,0.3186,7.6595
679,7.7479,6.0696,0.0274,0.1666,6.3920
680,6.4646,6.5917,0.0561,0.0814,6.8583
681,6.8972,6.4866,0.0246,0.2245,6.8331
682,6.9973,6.5179,0.0287,0.1365,6.7859
683,6.8331,6.5785,0.0263,0.2513,6.9530
684,6.9929,6.3931,0.0281,0.1459,6.6990
685,6.7470,6.5601,0.0257,0.1982,6.9112
686,6.9530,6.7174,0.0613,0.0887,7.0029
687,7.0503,6.7180,0.0265,0.1456,7.0549
688,7.0962,6.4161,0.0262,0.2821,6.8610
689,6.9008,7.1248,0.0293,0.2061,7.4734
690,7.5355,5.5313,0.0242,0.3747,6.0338
691,6.0740,6.7932,0.0234,0.1713,7.0849
692,7.1308,6.4350,0.0221,0.1535,6.7073
693,6.7435,7.1050,0.0359,0.2815,7.5567
694,7.6334,5.7486,0.0231,0.2398,6.1172
695,6.2293,6.7543,0.0640,0.2022,7.1221
696,7.1680,6.6433,0.0675,0.0868,6.9012
697,6.9407,6.6641,0.0273,0.2810,7.0857
698,7.1250,6.5414,0.0253,0.2145,6.8915
699,6.9395,6.2347,0.0284,0.0739,6.5674
700,6.6179,6.7324,0.0232,0.1579,7.0360
701,7.0747,6.7612,0.0246,0.1527,7.0287
702,7.0667,6.7769,0.0301,0.0909,7.0417
703,7.0904,6.6641,0.0629,0.0880,6.9306
704,6.9809,6.6391,0.0292,0.0929,6.8662
705,6.9121,6.7073,0.0254,0.0782,6.9100
706,6.9505,6.0692,0.0325,0.1414,6.4201
707,6.5161,6.7216,0.0450,0.1404,7.0633
708,7.1352,6.3920,0.1122,0.2552,6.8946
709,6.9443,6.5328,0.0239,0.1421,6.8031
710,6.8982,6.6123,0.0308,0.1372,6.8853
711,6.9320,6.3594,0.0270,0.2690,6.7589
712,6.8398,7.3961,0.0452,0.3531,7.9719
713,8.1459,5.1538,0.0302,0.2047,5.5040
714,5.5556,6.6170,0.0230,0.2259,6.9810
715,7.2160,6.3579,0.0279,0.2049,6.6943
716,6.7788,6.7959,0.0364,0.2795,7.2498
717,7.3073,6.2505,0.0333,0.1677,6.5746
718,6.6411,6.3153,0.0309,0.1905,6.6464
719,6.7058,6.6776,0.0236,0.2784,7.1063
720,7.1482,6.4775,0.0230,0.1989,6.7982
721,6.8494,7.0914,0.0231,0.1611,7.3736
722,7.4300,6.4518,0.0700,0.0874,6.7639
723,6.8631,6.3212,0.0331,0.0872,6.6236
724,6.6654,6.3591,0.0226,0.2515,6.7303
725,6.7736,6.4907,0.0244,0.2320,6.8424
726,6.9738,6.4279,0.0275,0.1812,6.7676
727,6.8159,6.5514,0.0251,0.1911,6.8812
728,6.9344,6.5222,0.0256,0.2340,6.8752
729,6.9149,6.8069,0.0243,0.2198,7.1737
730,7.2157,6.7235,0.0239,0.1616,7.0032
731,7.0472,6.7255,0.0287,0.2334,7.1085
732,7.1752,6.5528,0.0365,0.0742,6.8021
733,6.8694,6.6574,0.0253,0.1318,6.9479
734,7.0080,6.4050,0.0563,0.0813,6.6575
735,6.7057,6.5832,0.0271,0.1998,6.9326
736,6.9785,6.3173,0.0375,0.4398,6.9187
737,6.9894,6.3657,0.0281,0.2117,6.7040
738,6.7475,6.6759,0.0404,0.2276,7.0540
739,7.0963,6.2667,0.0301,0.0845,6.5276
740,6.5728,7.0991,0.0334,0.0831,7.3536
741,7.3977,6.8451,0.0258,0.0792,7.0381
742,7.0806,6.0929,0.0261,0.1794,6.3961
743,6.4402,6.7147,0.0256,0.0867,6.9502
744,6.9883,6.8092,0.0219,0.3677,7.2859
745,7.3256,6.7695,0.0374,0.1983,7.1223
746,7.2250,6.7572,0.0289,0.2528,7.1468
747,7.1891,6.1529,0.0250,0.1136,6.4210
748,6.4621,6.4418,0.0265,0.1004,6.6914
749,6.7349,7.0002,0.0301,0.1580,7.2996
750,7.3782,6.1130,0.0343,0.2397,6.5963
751,6.6566,6.2730,0.0396,0.2251,6.6811
752,6.7502,6.5107,0.0380,0.2743,6.9897
753,7.0343,6.4149,0.0278,0.2741,6.8186
754,6.8578,6.7636,0.0369,0.1533,7.0618
755,7.1074,6.2187,0.0249,0.2079,6.5602
756,6.6171,7.6324,0.0542,0.1281,8.0089
757,8.1588,5.7342,0.0435,0.2091,6.1207
758,6.2165,6.1297,0.0425,0.1997,6.5044
759,6.5878,6.5179,0.0428,0.1504,6.8550
760,6.9537,6.5734,0.0273,0.1790,6.9183
761,6.9730,6.5238,0.0232,0.2174,6.8734
762,6.9212,6.7083,0.0265,0.1786,7.0389
763,7.0813,6.4739,0.0210,0.2501,6.8390
764,6.9871,6.3623,0.0234,0.2425,6.7185
765,6.7581,6.4391,0.0376,0.1179,6.7240
766,6.7818,6.8405,0.0279,0.2413,7.2338
767,7.2958,6.2707,0.0294,0.3069,6.7121
768,6.7849,6.5436,0.0295,0.2272,6.8981
769,6.9366,6.4455,0.0210,0.1774,6.7401
770,6.7923,6.6788,0.0461,0.2768,7.1280
771,7.1726,6.7791,0.0250,0.2001,7.1001
772,7.1484,6.5298,0.0255,0.1799,6.8341
773,6.8752,6.8970,0.0287,0.1745,7.2085
774,7.2646,6.4337,0.0585,0.0783,6.6775
775,6.7321,6.1672,0.0226,0.0749,6.3891
776,6.4337,6.8785,0.0825,0.0712,7.1602
777,7.1979,7.2459,0.0333,0.2216,7.6164
778,7.6835,5.8266,0.0248,0.1589,6.1111
779,6.1565,6.9323,0.0420,0.0977,7.2130
780,7.2688,6.4152,0.0401,0.2354,6.8301
781,6.9026,6.2261,0.0232,0.1826,6.5425
782,6.5818,6.5043,0.0331,0.1394,6.8281
783,6.8678,6.6949,0.0290,0.1494,6.9720
784,7.0153,6.6408,0.0263,0.2158,6.9783
785,7.0445,6.5048,0.0205,0.1901,6.8088
786,6.8476,6.6877,0.0307,0.2983,7.1140
787,7.1643,6.5732,0.0226,0.1500,6.8743
788,6.9814,6.2539,0.0236,0.1704,6.5425
789,6.5857,7.0099,0.0286,0.1687,7.3111
790,7.3560,6.4008,0.0251,0.1679,6.7130
791,6.7510,6.6687,0.0241,0.0973,6.8834
792,6.9272,6.5806,0.0248,0.1516,6.8467
793,6.9102,6.8332,0.0526,0.0789,7.0618
794,7.1025,6.1908,0.0385,0.4629,6.8311
795,6.9024,6.2287,0.0252,0.1798,6.5853
796,6.6469,6.6185,0.0391,0.1239,6.9119
797,6.9815,6.8549,0.0407,0.2554,7.2761
798,7.3448,6.1543,0.0398,0.1609,6.4958
799,6.6158,8.1765,0.0493,0.1304,8.5468
800,8.6379,4.8465,0.0382,0.1785,5.1884
801,5.2491,6.2854,0.0347,0.1799,6.6249
802,6.6819,6.8010,0.0356,0.3066,7.2742
803,7.3331,6.5236,0.0356,0.1507,6.8650
804,6.9207,6.4023,0.0255,0.2346,6.7587
805,6.7972,6.3307,0.0255,0.2159,6.6714
806,6.7149,6.5784,0.0309,0.2236,6.9418
807,6.9932,6.6996,0.0263,0.2187,7.0548
808,7.1054,6.4412,0.0228,0.2319,6.7909
809,6.8291,6.6332,0.0381,0.1793,6.9764
810,7.0427,6.4458,0.0266,0.2351,6.8105
811,6.8516,6.5529,0.0254,0.2097,6.8924
812,6.9324,6.5544,0.0228,0.2160,6.8909
813,6.9282,6.5522,0.0226,0.2344,6.9131
814,6.9514,6.9327,0.0241,0.1634,7.2403
815,7.2797,6.7608,0.0362,0.0907,7.0074
816,7.1030,6.5588,0.0236,0.1875,6.8703
817,6.9116,6.7331,0.0250,0.1533,7.0057
818,7.0429,6.2049,0.0242,0.3457,6.6788
819,6.7292,6.8553,0.0370,0.1991,7.2330
820,7.2893,6.1518,0.0252,0.1865,6.5193
821,6.5622,6.8725,0.0387,0.1780,7.1889
822,7.2283,6.0802,0.0248,0.2398,6.4420
823,6.4842,7.2189,0.0528,0.2932,7.7762
824,7.8621,5.8157,0.0681,0.1843,6.1877
825,6.2263,6.4841,0.0255,0.2081,6.8350
826,6.9538,6.6666,0.0252,0.1838,6.9820
827,7.0234,6.4568,0.0265,0.1806,6.7663
828,6.8080,6.6591,0.0249,0.1522,6.9545
829,6.9929,7.2169,0.0331,0.1907,7.5745
830,7.6517,6.0154,0.0369,0.2838,6.4742
831,6.5338,6.2072,0.0222,0.2959,6.6259
832,6.6666,6.7137,0.0224,0.1876,7.0181
833,7.0585,6.3862,0.0265,0.2586,6.7695
834,6.8078,6.7147,0.0224,0.1824,7.0199
835,7.0601,6.8770,0.0319,0.1916,7.2410
836,7.3017,6.9696,0.0409,0.2182,7.3736
837,7.4479,5.5777,0.0224,0.1854,5.8937
838,5.9308,6.2711,0.0328,0.1447,6.5695
839,6.6359,6.9664,0.0268,0.1976,7.2893
840,7.3369,6.1782,0.0249,0.1951,6.5019
841,6.5655,8.2284,0.0752,0.1460,8.6768
842,8.7627,5.0187,0.0388,0.1128,5.4209
843,5.5559,6.3197,0.0323,0.1462,6.6231
844,6.7592,6.5710,0.0310,0.4295,7.1480
845,7.2463,6.2848,0.0322,0.2473,6.6689
846,6.7231,6.5945,0.0286,0.1769,6.9031
847,6.9701,6.3040,0.0252,0.2251,6.6585
848,6.7648,6.5392,0.0416,0.1478,6.8271
849,6.8654,7.0391,0.0240,0.0787,7.2406
850,7.2829,6.3766,0.0247,0.0722,6.5691
851,6.6122,6.7653,0.0246,0.0801,6.9897
852,7.0585,7.2310,0.1368,0.1907,7.7250
853,7.8107,5.7668,0.0276,0.2232,6.1251
854,6.6293,5.9991,0.0301,0.1891,6.3302
855,6.3759,6.5681,0.0327,0.3208,7.0193
856,7.0652,6.4262,0.0426,0.1336,6.7034
857,6.7439,6.5660,0.0235,0.1715,6.8562
858,6.8951,6.4903,0.0405,0.2159,6.8646
859,6.9247,6.5285,0.0238,0.1735,6.8628
860,7.0706,7.2781,0.0345,0.2313,7.6633
861,7.7370,5.7444,0.0363,0.2417,6.1480
862,6.2128,6.6257,0.0312,0.0927,6.8562
863,6.9156,6.3415,0.0608,0.1584,6.7175
864,6.7753,6.8619,0.0314,0.1988,7.2105
865,7.2717,6.8998,0.0269,0.1266,7.1694
866,7.2158,6.1924,0.0247,0.1783,6.4952
867,6.5417,6.8099,0.0387,0.2758,7.2931
868,7.3694,6.0510,0.0260,0.1376,6.3217
869,6.4007,6.9663,0.0394,0.1763,7.3343
870,7.4019,6.1058,0.1064,0.2016,6.5782
871,6.6463,6.3344,0.0238,0.2789,6.7397
872,6.8403,6.4235,0.0231,0.2119,6.7577
873,6.8149,6.5035,0.0256,0.2102,6.8375
874,6.9337,6.5066,0.0335,0.2184,6.8695
875,6.9250,6.5591,0.0229,0.1986,6.9036
876,7.0330,6.5725,0.0294,0.1988,6.9374
877,6.9932,6.4378,0.0277,0.1457,6.7531
878,6.7978,7.3474,0.0318,0.1515,7.6475
879,7.7096,5.9934,0.0579,0.0822,6.2349
880,6.2806,6.5805,0.0231,0.1433,6.8693
881,6.9070,7.7894,0.0498,0.2773,8.3019
882,8.3841,5.4239,0.0482,0.1263,5.7473
883,5.8002,13.5844,0.1050,0.1830,14.1025
884,14.2093,6.2161,0.0356,0.1591,6.5337
885,6.5923,6.5094,0.0274,0.2848,6.9425
886,6.9906,6.1465,0.0342,0.1698,6.5057
887,6.5563,6.4873,0.0455,0.1686,6.8255
888,6.8683,6.6094,0.0241,0.3177,7.0454
889,7.0853,6.8021,0.0239,0.1861,7.1102
890,7.1515,6.7466,0.0247,0.1811,7.0511
891,7.0923,6.6319,0.0280,0.1891,6.9519
892,7.0010,6.8076,0.0244,0.1748,7.1036
893,7.1454,6.0340,0.0338,0.3190,6.5050
894,6.5975,6.7415,0.0234,0.1951,7.0554
895,7.0940,6.0847,0.0297,0.0883,6.3430
896,6.3982,6.6952,0.0263,0.1792,7.0601
897,7.1393,6.3385,0.0266,0.1511,6.6220
898,6.6814,6.8399,0.0240,0.1556,7.1128
899,7.1519,6.9374,0.0237,0.1866,7.2430
900,7.2816,6.6937,0.0260,0.1179,6.9509
901,6.9976,6.3311,0.0250,0.1451,6.6004
902,6.6410,7.2832,0.0374,0.1927,7.6425
903,7.7543,5.9488,0.0288,0.2918,6.3913
904,6.4446,6.3556,0.0286,0.2421,6.7686
905,6.8390,6.4879,0.0572,0.0813,6.7586
906,6.8125,6.4224,0.0381,0.1111,6.7927
907,6.8514,6.7114,0.0296,0.1871,7.0284
908,7.0952,6.5830,0.0274,0.1688,6.8761
909,6.9782,6.3010,0.0299,0.2098,6.6617
910,6.7198,6.3307,0.0317,0.1868,6.6654
911,6.7184,6.5954,0.0249,0.2055,6.9284
912,6.9702,6.5608,0.0205,0.2159,6.8939
913,6.9318,6.7844,0.0267,0.2029,7.1167
914,7.1720,6.7997,0.0489,0.1599,7.1002
915,7.1387,6.5177,0.0615,0.0759,6.7799
916,6.8203,6.4585,0.0342,0.1835,6.7979
917,6.8399,6.7641,0.0243,0.2016,7.1160
918,7.1885,6.6708,0.0233,0.1145,6.9022
919,6.9395,6.3741,0.0239,0.1693,6.6705
920,6.7071,7.0995,0.0416,0.2203,7.4657
921,7.5252,6.4071,0.0354,0.0800,6.6517
922,6.6947,6.7037,0.0368,0.0843,6.9402
923,6.9916,6.3678,0.0257,0.0787,6.6116
924,6.6523,7.4033,0.0540,0.1376,7.8220
925,7.8947,5.7391,0.0274,0.2126,6.0949
926,6.1395,6.3383,0.0226,0.1725,6.6281
927,6.6660,9.7013,0.0388,0.1010,10.0814
928,10.1615,5.3069,0.0368,0.1670,5.6507
929,5.7139,4.5651,0.0312,0.1885,4.8957
930,5.0211,6.7717,0.0293,0.0831,7.0305
931,7.0768,6.4462,0.0270,0.0713,6.6837
932,6.7546,6.9570,0.0255,0.1589,7.2302
933,7.2781,7.6821,0.0296,0.0851,7.9016
934,7.9490,5.3172,0.0259,0.1737,5.6107
935,5.6539,6.5435,0.0227,0.2186,6.8668
936,6.9044,6.6214,0.0626,0.0796,6.8605
937,6.9027,6.8779,0.0246,0.1917,7.1822
938,7.2244,6.5022,0.0288,0.2151,6.8517
939,6.9076,6.1850,0.0277,0.2032,6.5191
940,6.5669,6.5804,0.0242,0.2178,6.9284
941,6.9999,6.5309,0.0246,0.2103,6.8951
942,6.9414,6.5550,0.0289,0.1863,6.8791
943,6.9166,6.5779,0.0226,0.2077,6.9135
944,6.9528,6.6959,0.0256,0.2195,7.0430
945,7.0943,6.8267,0.0269,0.0856,7.0604
946,7.1039,6.6588,0.0232,0.1082,6.8754
947,6.9158,6.4115,0.0250,0.0832,6.6753
948,6.7412,6.6559,0.0233,0.2060,6.9819
949,7.0199,6.5310,0.0598,0.1479,6.9403
950,7.0517,6.3967,0.0418,0.1706,6.7157
951,6.7831,6.3651,0.0221,0.1878,6.6919
952,6.7743,6.6282,0.0211,0.2267,6.9722
953,7.0399,6.5362,0.0361,0.1638,6.8457
954,6.9030,6.5524,0.0227,0.2277,6.9172
955,6.9888,6.3791,0.0223,0.2147,6.7279
956,6.8253,7.0925,0.0316,0.2817,7.5003
957,7.5545,6.3403,0.0263,0.1034,6.5725
958,6.6163,6.7430,0.0540,0.0855,6.9776
959,7.0177,6.4261,0.0287,0.0664,6.7079
960,6.7461,6.9286,0.0447,0.1418,7.2423
961,7.2910,6.5714,0.0281,0.0740,6.7991
962,6.8423,7.3894,0.0565,0.0870,7.6463
963,7.6983,5.9195,0.0278,0.0810,6.1375
964,6.1756,6.6616,0.0625,0.2726,7.0949
965,7.2618,6.4121,0.0274,0.1592,6.7097
966,6.7807,6.5344,0.0258,0.1505,6.8321
967,6.8704,6.7685,0.0363,0.1392,7.0611
968,7.1316,7.0173,0.0404,0.1825,7.4233
969,7.4994,13.2833,0.0779,0.1797,13.8480
970,14.0169,5.5808,0.0467,0.1375,5.9235
971,5.9728,6.3424,0.0252,0.1904,6.6599
972,6.7012,6.5569,0.0238,0.2633,6.9343
973,7.1101,6.5309,0.0385,0.1863,6.8901
974,6.9584,6.3326,0.0255,0.2892,6.7664
975,6.8153,6.4342,0.0237,0.2552,6.8030
976,6.8496,6.5753,0.0231,0.1850,6.8836
977,6.9774,6.8962,0.0257,0.0816,7.0987
978,7.1392,6.6743,0.0253,0.1505,6.9380
979,6.9755,6.8292,0.0250,0.0722,7.0146
980,7.0541,6.6618,0.0285,0.0829,6.8827
981,6.9230,6.3574,0.0382,0.3032,6.8250
982,6.8965,6.7023,0.0250,0.1389,6.9899
983,7.0344,6.1612,0.0223,0.1890,6.4651
984,6.5052,7.0182,0.0345,0.1510,7.3127
985,7.3528,6.2682,0.0206,0.2291,6.6235
986,6.6595,6.5155,0.0273,0.1852,6.8418
987,6.8841,6.5835,0.0238,0.2361,6.9320
988,6.9743,6.5459,0.0261,0.1712,6.8643
989,6.9213,6.6713,0.1330,0.0719,7.0167
990,7.0626,6.6374,0.0259,0.1260,6.8894
991,6.9714,6.9140,0.0244,0.1768,7.2116
992,7.2566,6.3883,0.0257,0.1602,6.6744
993,6.7712,6.5669,0.0235,0.2182,6.9041
994,6.9492,6.5552,0.0214,0.1578,6.8236
995,6.8622,6.7399,0.0330,0.2079,7.0763
996,7.1261,6.9051,0.0383,0.1135,7.1876
997,7.2514,5.9952,0.0304,0.1854,6.3245
998,6.3691,6.7073,0.0282,0.0793,6.9319
999,6.9800,6.2882,0.0259,0.2088,6.6221
1000,6.6656,6.7363,0.0237,0.2592,7.1758
1001,7.2222,6.3903,0.0523,0.1273,6.7117
1002,6.7535,6.6258,0.0261,0.1083,6.9264
1003,7.0292,7.3769,0.0357,0.1744,7.7225
1004,7.7824,5.5811,0.0251,0.2333,5.9392
1005,5.9782,6.7650,0.0833,0.1136,7.0707
1006,7.1548,6.4620,0.0343,0.1415,6.7770
1007,6.8222,6.6542,0.0296,0.1706,6.9605
1008,6.9997,6.7616,0.0329,0.2397,7.1590
1009,7.2580,6.5743,0.0253,0.1688,6.8822
1010,6.9261,6.5297,0.0608,0.2120,6.9804
1011,7.1203,6.0347,0.0267,0.1630,6.3465
1012,6.3911,8.0010,0.0439,0.2556,8.4589
1013,8.5440,4.8417,0.0377,0.2518,5.2726
1014,5.3281,6.7548,0.0239,0.1948,7.0814
1015,7.1293,6.4878,0.0218,0.2603,6.8664
1016,6.9123,6.6146,0.0166,0.2472,6.9679
1017,7.0649,6.3574,0.0264,0.2176,6.7059
1018,6.7488,6.6820,0.0244,0.1759,6.9949
1019,7.0343,6.3939,0.0258,0.2273,6.7499
1020,6.9327,6.3835,0.0278,0.2175,6.7493
1021,6.7994,6.4854,0.0244,0.2332,6.8629
1022,6.9324,7.4960,0.0342,0.1226,7.7917
1023,7.8416,6.4271,0.0261,0.1830,6.7489
1024,6.7922,6.5825,0.0292,0.1321,6.8459
1025,6.9221,5.7454,0.0292,0.1888,6.1076
1026,6.1670,7.1547,0.0292,0.1401,7.4413
1027,7.4969,6.2790,0.0278,0.1187,6.5553
1028,6.6114,6.5158,0.0272,0.2379,6.8967
1029,6.9433,6.9061,0.0255,0.1638,7.2284
1030,7.2825,6.3200,0.0303,0.0929,6.5519
1031,6.5937,6.4935,0.0343,0.1541,6.8206
1032,6.8626,6.5794,0.0251,0.1498,6.8604
1033,6.9128,6.5929,0.0279,0.2357,6.9585
1034,7.0112,6.5491,0.0262,0.1824,6.8587
1035,6.9050,6.5460,0.0262,0.1923,6.8846
1036,6.9351,6.5152,0.0301,0.1906,6.8602
1037,6.9482,6.5516,0.0292,0.2231,6.9110
1038,7.0010,6.6127,0.0273,0.1378,6.8909
1039,6.9303,7.1227,0.0415,0.3886,7.7098
1040,7.7886,6.0075,0.0449,0.1085,6.3397
1041,6.3963,6.6697,0.0419,0.1345,6.9611
1042,7.0042,6.2088,0.0282,0.0778,6.4904
1043,6.5310,6.5863,0.0265,0.2049,6.9255
1044,6.9627,6.5836,0.0246,0.1901,6.9018
1045,6.9414,6.3906,0.0224,0.2255,6.7428
1046,6.7822,6.5653,0.0251,0.1725,6.8707
1047,6.9332,6.6433,0.0256,0.1802,6.9695
1048,7.0156,6.8802,0.0242,0.1240,7.1339
1049,7.2259,6.7196,0.0241,0.1453,7.0139
1050,7.0531,6.3946,0.0236,0.1563,6.6736
1051,6.7423,6.5150,0.0244,0.1570,6.8040
1052,6.8490,6.8288,0.0260,0.0799,7.0492
1053,7.0879,6.6810,0.0271,0.1247,7.0137
1054,7.0541,6.2947,0.0348,0.2217,6.7155
1055,6.8242,13.4335,0.1154,0.1198,13.8411
1056,13.9425,6.2396,0.0331,0.2322,6.6600
1057,6.7112,6.4690,0.0241,0.2400,6.8441
1058,6.8862,6.6247,0.0246,0.2112,6.9574
1059,6.9984,6.4320,0.0258,0.2071,6.7916
1060,6.8393,6.5535,0.0232,0.2246,6.9029
1061,6.9395,6.6447,0.0252,0.1632,6.9606
1062,7.0182,6.7199,0.0229,0.2076,7.0425
1063,7.0886,6.7280,0.0235,0.1609,7.0117
1064,7.0835,6.8251,0.0256,0.1704,7.1226
1065,7.1624,6.1767,0.0293,0.2405,6.5450
1066,6.5840,6.8067,0.0245,0.0811,7.0391
1067,7.0786,6.2996,0.0360,0.1754,6.6681
1068,6.7879,6.8498,0.0487,0.1818,7.2185
1069,7.2732,6.0667,0.0245,0.2465,6.4384
1070,6.4885,6.4224,0.0241,0.2366,6.7817
1071,6.8268,6.6027,0.0464,0.1709,6.9528
1072,7.0010,6.6031,0.0247,0.4328,7.1616
1073,7.2156,6.4213,0.0309,0.2010,6.7654
1074,6.8133,6.4900,0.0230,0.1866,6.7982
1075,6.9010,6.4816,0.0239,0.1960,6.8059
1076,6.8667,6.5460,0.0242,0.2254,6.8986
1077,6.9457,6.9270,0.0249,0.1728,7.2257
1078,7.2722,6.5664,0.0243,0.1658,6.8495
1079,6.9165,6.5106,0.0701,0.1318,6.8137
1080,6.8539,6.8532,0.0499,0.1459,7.1448
1081,7.1830,6.2730,0.0242,0.2242,6.6165
1082,6.6560,6.7429,0.0440,0.2272,7.1552
1083,7.2224,6.2616,0.0695,0.1611,6.6301
1084,6.6777,6.8412,0.0271,0.1585,7.1423
1085,7.1814,6.2907,0.0240,0.1705,6.5856
1086,6.6238,6.4855,0.0236,0.2180,6.8178
1087,6.8612,6.9724,0.0245,0.1603,7.2625
1088,7.3046,6.3446,0.0263,0.3067,6.8052
1089,6.8800,6.4185,0.0230,0.2722,6.8139
1090,6.8544,6.4961,0.0256,0.3459,6.9956
1091,7.0404,6.5351,0.0307,0.0943,6.8083
1092,6.8817,6.6655,0.0329,0.1274,6.9456
1093,7.0210,6.1150,0.0294,0.1737,6.4635
1094,6.5093,6.7229,0.0227,0.2161,7.0664
1095,7.1043,6.4566,0.0250,0.1666,6.7703
1096,6.8105,6.5563,0.0298,0.1922,6.9039
1097,6.9620,6.6380,0.0343,0.2725,7.0842
1098,7.1482,7.3076,0.0430,0.4322,7.9269
1099,8.0071,5.5309,0.0539,0.1861,5.8957
1100,5.9507,6.1983,0.0290,0.2009,6.5428
1101,6.5934,6.5347,0.0426,0.1733,6.8804
1102,6.9406,6.5999,0.0269,0.1798,6.9202
1103,6.9679,6.6193,0.0215,0.2853,7.0303
1104,7.0762,6.9319,0.0259,0.1596,7.2502
1105,7.3018,6.4263,0.0267,0.1330,6.7408
1106,6.7859,6.4487,0.0597,0.1301,6.7868
1107,6.8288,6.7088,0.0236,0.0737,6.9048
1108,6.9760,6.6580,0.0247,0.1683,6.9820
1109,7.0220,6.7219,0.0240,0.1506,6.9886
1110,7.0302,6.5639,0.0244,0.1498,6.8378
1111,6.8755,7.1645,0.0398,0.1715,7.5131
1112,7.6030,5.7840,0.0266,0.1491,6.1001
1113,6.1457,6.3141,0.0232,0.2324,6.6692
1114,6.7098,7.0081,0.0245,0.1615,7.2926
1115,7.3330,6.5257,0.0530,0.0747,6.7535
1116,6.7969,6.6530,0.0244,0.1588,6.9375
1117,6.9785,6.6762,0.0237,0.1809,6.9818
1118,7.0300,6.6734,0.0229,0.1547,6.9464
1119,6.9844,6.4091,0.0347,0.1718,6.7104
1120,6.7472,6.9278,0.0262,0.1601,7.2165
1121,7.2571,6.4933,0.0252,0.0834,6.7041
1122,6.7425,6.5116,0.0679,0.0944,6.8460
1123,6.8870,6.5622,0.0247,0.1346,6.8370
1124,6.8741,6.9749,0.0245,0.1522,7.2748
1125,7.3144,6.1906,0.0289,0.1848,6.5228
1126,6.6735,6.6761,0.0284,0.1683,7.0004
1127,7.1110,6.2215,0.0255,0.2429,6.5892
1128,6.6307,6.5152,0.0239,0.2291,6.8669
1129,6.9134,6.5933,0.0419,0.1850,6.9300
1130,6.9823,6.4303,0.0242,0.2446,6.7971
1131,6.8426,6.6150,0.0462,0.1758,6.9624
1132,7.0048,6.6069,0.0275,0.2281,6.9655
1133,7.0185,6.7453,0.0247,0.1758,7.0714
1134,7.1142,6.5430,0.0233,0.1518,6.8175
1135,6.8556,6.7279,0.0263,0.1240,7.0344
1136,7.0872,6.8253,0.0233,0.1545,7.1092
1137,7.1503,6.1233,0.0359,0.1970,6.5232
1138,6.5629,6.7532,0.0246,0.1772,7.0758
1139,7.1193,6.5018,0.0245,0.1412,6.7938
1140,6.8654,6.3002,0.0346,0.1548,6.6235
1141,6.6939,10.1340,0.0454,0.1267,10.4931
1142,10.5597,3.4708,0.0356,0.1312,3.7973
1143,3.8442,6.1753,0.0240,0.2425,6.5911
1144,6.7383,6.4916,0.0333,0.1135,6.7639
1145,6.8206,6.6015,0.0507,0.0931,6.8903
1146,6.9438,6.5776,0.0299,0.0903,6.8214
1147,6.9383,6.6612,0.0310,0.1553,6.9667
1148,7.0189,6.4254,0.0254,0.1699,6.7377
1149,6.7842,6.4835,0.0229,0.2375,6.8474
1150,6.8942,6.5174,0.0504,0.1970,6.9154
1151,6.9561,6.5856,0.0660,0.2306,7.0154
1152,7.0579,7.2092,0.0282,0.1964,7.5451
1153,7.6032,5.8745,0.0249,0.2424,6.2394
1154,6.3088,7.2605,0.0502,0.3204,7.7666
1155,7.8550,5.3953,0.0282,0.1842,5.7270
1156,5.7767,6.5911,0.0252,0.2533,6.9781
1157,7.0209,6.5188,0.0246,0.2299,6.8797
1158,6.9186,6.5406,0.0229,0.2160,6.8789
1159,6.9176,6.6149,0.0220,0.2384,6.9787
1160,7.0164,6.6341,0.0267,0.1566,6.9225
1161,7.0022,6.7979,0.0419,0.2209,7.1600
1162,7.2056,6.5796,0.0247,0.1132,6.8173
1163,6.8644,6.8207,0.0589,0.0917,7.0942
1164,7.1471,6.8940,0.0346,0.1828,7.2209
1165,7.2918,6.1718,0.0365,0.0881,6.4344
1166,6.5062,6.3273,0.0352,0.2302,6.7385
1167,6.8226,6.6111,0.0278,0.1537,6.9491
1168,6.9971,7.0137,0.0273,0.0893,7.2370
1169,7.3711,6.0296,0.0434,0.2108,6.4282
1170,6.6004,6.3709,0.0308,0.2249,6.7578
1171,6.8124,6.6016,0.0309,0.0827,6.8954
1172,6.9914,6.5071,0.0447,0.1447,6.8238
1173,6.8751,6.6018,0.0336,0.1476,6.9108
1174,6.9731,6.4935,0.0316,0.2534,6.8971
1175,6.9646,6.5255,0.0385,0.2786,6.9516
1176,7.0073,6.3509,0.0259,0.2750,6.7897
1177,6.8472,6.2435,0.0210,0.2520,6.6202
1178,6.6846,6.6901,0.0296,0.1482,7.0075
1179,7.0530,7.0955,0.0337,0.0952,7.3970
1180,7.5350,6.0855,0.0280,0.1652,6.4047
1181,6.4498,6.7381,0.0286,0.2317,7.1943
1182,7.2387,6.3644,0.0271,0.0821,6.6425
1183,6.6914,15.0944,0.0455,0.2396,15.5551
1184,15.6507,4.6192,0.0334,0.1596,4.9434
1185,5.0176,6.4070,0.0400,0.1739,6.7375
1186,6.7888,6.5646,0.0241,0.2372,6.9529
1187,6.9937,6.5738,0.0259,0.2065,6.9339
1188,6.9794,6.5565,0.0464,0.1680,6.8865
1189,7.0039,6.4991,0.0265,0.1878,6.8256
1190,6.8821,7.0113,0.0275,0.0800,7.2216
1191,7.2636,6.5819,0.0230,0.1608,6.8925
1192,6.9410,6.5062,0.0257,0.1500,6.8001
1193,6.8413,6.4698,0.0282,0.3414,6.9431
1194,6.9857,6.6248,0.0266,0.1225,6.8901
1195,6.9387,6.7990,0.0279,0.0882,7.0169
1196,7.0827,6.3513,0.0239,0.1593,6.6278
1197,6.6695,7.1631,0.0726,0.3198,7.7037
1198,7.8513,5.7884,0.0272,0.1831,6.1322
1199,6.2029,6.6934,0.0263,0.2849,7.1138
1200,7.1540,6.3645,0.0294,0.0875,6.6209
1201,6.6653,6.8097,0.0580,0.1003,7.1314
1202,7.2051,6.2873,0.0312,0.1255,6.6086
1203,6.6527,6.4284,0.0234,0.1492,6.7281
1204,6.7995,6.5006,0.0284,0.1799,6.8343
1205,6.8813,6.5184,0.0618,0.1406,6.8539
1206,6.9093,6.8396,0.0383,0.2367,7.2410
1207,7.2870,6.2162,0.0297,0.1915,6.5548
1208,6.6354,7.0467,0.0335,0.1881,7.4416
1209,7.6030,6.2581,0.0280,0.0933,6.4892
1210,6.5325,6.7991,0.0276,0.0864,7.0185
1211,7.0580,7.1247,0.1145,0.1151,7.4916
1212,7.5540,5.5609,0.0367,0.3834,6.1148
1213,6.1943,7.2530,0.0290,0.1954,7.5967
1214,7.6436,5.9125,0.0496,0.1671,6.3663
1215,6.4919,6.2008,0.0237,0.2657,6.5998
1216,6.6384,6.9656,0.0271,0.2321,7.3314
1217,7.3963,6.3528,0.0233,0.1935,6.6699
1218,6.7411,6.3130,0.0261,0.1726,6.6185
1219,6.6636,6.6943,0.0248,0.1469,6.9782
1220,7.0152,6.4206,0.0270,0.1134,6.6642
1221,6.7022,6.7397,0.0307,0.1015,7.0363
1222,7.0796,6.8006,0.0273,0.2019,7.1394
1223,7.2079,6.7565,0.0230,0.1609,7.0455
1224,7.0838,6.0256,0.0252,0.3149,6.4765
1225,6.5775,6.8192,0.0235,0.1858,7.1305
1226,7.1693,6.7217,0.0599,0.2851,7.5599
1227,7.6778,12.6854,0.0771,0.3546,13.3469
1228,13.4718,5.7132,0.0336,0.1895,6.0969
1229,6.1818,6.4914,0.0309,0.2111,6.8436
1230,6.8835,6.6249,0.0347,0.1838,6.9581
1231,7.0132,6.5322,0.0205,0.2185,6.8655
1232,6.9012,6.6005,0.0245,0.1710,6.9084
1233,6.9574,6.8477,0.0312,0.1155,7.1391
1234,7.2146,6.8155,0.0286,0.0900,7.0596
1235,7.1073,6.2485,0.0305,0.2339,6.6229
1236,6.6746,6.6365,0.0518,0.3196,7.1254
1237,7.1723,6.2505,0.0278,0.2105,6.5963
1238,6.6455,6.6690,0.0225,0.2045,7.0169
1239,7.0713,6.5692,0.0321,0.2001,6.9175
1240,6.9548,6.4577,0.0356,0.1694,6.7862
1241,6.9380,6.3522,0.0273,0.2606,6.7627
1242,6.8276,6.3541,0.0247,0.2217,6.7042
1243,6.7435,6.5896,0.0236,0.1706,6.9357
1244,6.9735,6.6174,0.0254,0.2126,6.9819
1245,7.0245,6.5292,0.0209,0.2168,6.8741
1246,6.9134,6.9207,0.0258,0.1651,7.2371
1247,7.2857,6.9126,0.0256,0.1545,7.1990
1248,7.2631,6.3295,0.0264,0.1861,6.6473
1249,6.7108,6.6686,0.0299,0.1087,6.9668
1250,7.0199,6.3224,0.0263,0.1725,6.6275
1251,6.6951,6.6753,0.0277,0.0864,6.9253
1252,7.0651,6.6679,0.0353,0.2244,7.0620
1253,7.1092,6.5887,0.0240,0.1625,6.8982
1254,6.9383,6.4236,0.0271,0.3219,6.8887
1255,6.9422,6.9962,0.0392,0.1205,7.3526
1256,7.4413,5.7378,0.0250,0.1850,6.0531
1257,6.0981,6.3847,0.0234,0.3472,6.8770
1258,6.9251,6.5794,0.0236,0.1622,6.8732
1259,6.9123,6.6101,0.0260,0.2200,6.9813
1260,7.0224,6.4980,0.0298,0.2176,6.8517
1261,6.9789,6.6546,0.0311,0.0991,6.9058
1262,6.9604,6.9175,0.0331,0.2043,7.2778
1263,7.4452,5.9806,0.0264,0.1755,6.2908
1264,6.3662,6.7011,0.0320,0.1988,7.0408
1265,7.1316,6.6470,0.0248,0.1651,6.9576
1266,6.9990,6.5287,0.0223,0.1449,6.8128
1267,6.8507,6.5166,0.0249,0.1443,6.7852
1268,6.8593,13.8204,0.1153,0.2114,14.3856
1269,14.5341,5.7300,0.0275,0.2367,6.1019
1270,6.1709,6.4381,0.0245,0.2148,6.7784
1271,6.8172,6.5545,0.0257,0.2385,6.9112
1272,6.9485,6.5670,0.0200,0.2158,6.8941
1273,6.9275,6.4531,0.0239,0.2264,6.7953
1274,6.8298,6.6819,0.0231,0.2144,7.0097
1275,7.0461,7.0059,0.0484,0.1819,7.3307
1276,7.3756,6.5064,0.0239,0.1213,6.7455
1277,6.7921,6.5440,0.0243,0.1656,6.8201
1278,6.8578,6.9900,0.0387,0.1966,7.3323
1279,7.4456,6.4642,0.0255,0.1627,6.7728
1280,6.8130,6.5900,0.0282,0.1609,6.8718
1281,6.9134,6.5920,0.0236,0.1635,6.8954
1282,6.9341,6.2983,0.0399,0.2505,6.7282
1283,6.8895,6.2718,0.0996,0.1672,6.7051
1284,6.7788,6.6431,0.0749,0.1127,6.9398
1285,6.9889,6.8685,0.0409,0.0862,7.1304
1286,7.1997,6.2702,0.0256,0.2505,6.6457
1287,6.6852,6.5613,0.0256,0.2915,6.9761
1288,7.1076,6.4171,0.0407,0.2250,6.8176
1289,6.8822,6.1838,0.0329,0.2005,6.5352
1290,6.5857,6.7577,0.0242,0.2735,7.1719
1291,7.2293,6.3311,0.0245,0.3147,6.7619
1292,6.8109,6.6591,0.0268,0.1584,6.9621
1293,7.0030,6.6637,0.0246,0.1423,6.9471
1294,6.9848,6.4120,0.0265,0.1684,6.7071
1295,6.7740,6.5481,0.0259,0.2197,6.8954
1296,6.9350,6.9624,0.0257,0.1786,7.2705
1297,7.3179,6.4391,0.0368,0.2743,6.8979
1298,6.9753,6.0453,0.0246,0.1721,6.3473
1299,6.3837,7.0010,0.0255,0.1686,7.3385
1300,7.3791,6.4091,0.0280,0.1024,6.7274
1301,6.7729,6.6207,0.0291,0.0877,6.8850
1302,6.9415,6.8087,0.0240,0.0833,7.0325
1303,7.0713,6.4693,0.0260,0.2756,6.8700
1304,6.9182,6.7414,0.0251,0.1690,7.0675
1305,7.1119,6.3402,0.0598,0.1709,6.7499
1306,6.8158,6.3205,0.0283,0.1662,6.6314
1307,6.6701,6.6109,0.0270,0.2442,6.9993
1308,7.0579,6.2360,0.0244,0.1999,6.5707
1309,6.6229,6.8286,0.0245,0.2098,7.2027
1310,7.2846,14.5598,0.0931,0.3556,15.2837
1311,15.3854,4.9575,0.0357,0.1786,5.2945
1312,5.3415,6.4032,0.0257,0.2116,6.7491
1313,6.8521,6.4467,0.0245,0.2173,6.7914
1314,6.8284,6.5822,0.0221,0.2229,6.9227
1315,6.9598,6.5764,0.0258,0.2118,6.9142
1316,6.9572,6.5483,0.0248,0.2309,6.9045
1317,6.9419,6.6480,0.0255,0.2578,7.0371
1318,7.0789,6.6002,0.0255,0.2072,6.9569
1319,7.0388,6.3444,0.0307,0.2234,6.7195
1320,6.7928,6.6078,0.0420,0.5186,7.3256
1321,7.4405,6.0824,0.0274,0.2199,6.4586
1322,6.5578,6.7220,0.0266,0.3535,7.2199
1323,7.2697,6.1803,0.0360,0.1460,6.4774
1324,6.5209,6.8954,0.0241,0.1592,7.2067
1325,7.2468,6.7638,0.0391,0.4383,7.3899
1326,7.4664,5.8169,0.0306,0.3136,6.2870
1327,6.3807,6.8255,0.0256,0.0983,7.0628
1328,7.1091,6.1068,0.0266,0.2430,6.5657
1329,6.6226,6.9784,0.0279,0.2443,7.3774
1330,7.4679,6.2289,0.0301,0.2035,6.5903
1331,6.6783,6.3175,0.0238,0.2142,6.6693
1332,6.7128,6.7637,0.0220,0.1914,7.0883
1333,7.1280,7.4106,0.0477,0.2972,7.9575
1334,8.0462,5.4247,0.0615,0.2421,5.8479
1335,5.8973,10.2704,0.0328,0.1200,10.5961
1336,10.6476,2.7057,0.0616,0.1045,3.0221
1337,3.0772,6.5741,0.0349,0.2361,6.9883
1338,7.0329,6.3975,0.0236,0.1536,6.6819
1339,6.7373,6.7274,0.0507,0.2007,7.0891
1340,7.1323,6.1388,0.0309,0.1842,6.4810
1341,6.5378,6.5516,0.0243,0.2066,6.8937
1342,6.9839,6.4218,0.0251,0.2711,6.8202
1343,6.8726,7.1323,0.0267,0.1663,7.4426
1344,7.4905,6.2831,0.0424,0.1910,6.6245
1345,6.6724,6.7724,0.0237,0.1572,7.0519
1346,7.0921,6.4813,0.0248,0.1562,6.7587
1347,6.8344,6.8210,0.0263,0.1710,7.1195
1348,7.1593,6.9104,0.0400,0.1827,7.2544
1349,7.3145,6.2720,0.1280,0.1440,6.6715
1350,6.7362,6.2393,0.0367,0.1541,6.5294
1351,6.6289,6.9625,0.0345,0.1073,7.2805
1352,7.3408,6.3242,0.0288,0.0888,6.5434
1353,6.5855,15.4318,0.0404,0.4669,16.0749
1354,16.2063,4.4825,0.0847,0.0903,4.8431
1355,4.8932,6.0547,0.0257,0.2699,6.4572
1356,6.5089,6.5093,0.0286,0.1580,6.8136
1357,6.8552,6.7282,0.0313,0.2222,7.0825
1358,7.1202,6.6086,0.0418,0.1284,6.8780
1359,6.9172,6.4735,0.0289,0.2481,6.8628
1360,6.9795,6.4195,0.0243,0.1967,6.7443
1361,6.8002,6.3611,0.0249,0.1976,6.6839
1362,6.7275,7.0979,0.0279,0.2300,7.4540
1363,7.5425,6.0559,0.0357,0.1480,6.3645
1364,6.4035,6.9136,0.0216,0.2030,7.2250
1365,7.3273,6.3778,0.0243,0.2000,6.7416
1366,6.8461,6.5549,0.0291,0.1573,6.8416
1367,6.8829,6.8247,0.0256,0.1609,7.1697
1368,7.2124,6.4671,0.0402,0.2263,6.9436
1369,7.0317,6.0408,0.0372,0.1953,6.3767
1370,6.4538,6.8036,0.0273,0.1828,7.1136
1371,7.1574,6.2964,0.0242,0.1330,6.5464
1372,6.5840,6.5463,0.0276,0.1982,6.8648
1373,6.9013,7.2197,0.0235,0.1561,7.4925
1374,7.5297,6.3637,0.0243,0.3998,6.8885
1375,6.9366,6.1538,0.0308,0.1935,6.4897
1376,6.5677,6.4881,0.0235,0.2210,6.8480
1377,6.8904,6.6262,0.0323,0.1506,6.9305
1378,6.9861,6.4600,0.0227,0.2346,6.8116
1379,6.8545,6.4290,0.0253,0.2082,6.7591
1380,6.8009,6.6691,0.0198,0.2454,7.0254
1381,7.0653,7.1719,0.0256,0.2447,7.5355
1382,7.5935,6.5652,0.1312,0.3007,7.1343
1383,7.2241,5.6648,0.0300,0.1972,6.0159
1384,6.1162,6.4706,0.0252,0.1879,6.7892
1385,6.8423,6.8861,0.0260,0.2476,7.2538
1386,7.2947,6.1799,0.0225,0.1705,6.4821
1387,6.5206,6.5529,0.0265,0.2373,6.9085
1388,6.9935,6.5145,0.0230,0.1930,6.8253
1389,6.9149,6.5683,0.0200,0.2075,6.8865
1390,6.9240,6.9540,0.0333,0.1724,7.2462
1391,7.3321,6.6679,0.0257,0.1595,6.9658
1392,7.0037,6.5084,0.0336,0.0809,6.7474
1393,6.7917,7.0106,0.0267,0.1464,7.2947
1394,7.3673,6.3433,0.0581,0.5517,7.1273
1395,7.2283,18.0151,0.0457,0.2610,18.4381
1396,18.5119,1.1088,0.0350,0.2288,1.5038
1397,1.5541,6.7493,0.0757,0.1264,7.0643
1398,7.1393,6.5484,0.0327,0.1375,6.8324
1399,6.9735,6.4332,0.0299,0.2768,6.8313
1400,6.8883,6.4740,0.0271,0.1480,6.7466
1401,6.7889,6.5722,0.0252,0.1522,6.8430
1402,6.8826,6.5544,0.0251,0.1714,6.8405
1403,7.0136,6.4587,0.0254,0.1665,6.7379
1404,6.7964,7.1805,0.0241,0.1972,7.4933
1405,7.5470,6.1990,0.0434,0.1579,6.5184
1406,6.5576,6.7570,0.0240,0.0785,6.9441
1407,6.9820,6.4816,0.0271,0.2328,6.8306
1408,6.8692,6.9680,0.0236,0.2103,7.2854
1409,7.3396,6.1148,0.0248,0.2282,6.4508
1410,6.4892,6.8999,0.0267,0.1849,7.2081
1411,7.2589,6.1914,0.0298,0.2314,6.6014
1412,6.7248,6.4915,0.0254,0.2089,6.8261
1413,6.8846,6.3737,0.0284,0.2016,6.7050
1414,6.7471,6.5765,0.0276,0.2192,6.9227
1415,7.0228,6.5646,0.0294,0.2009,6.8859
1416,7.0137,6.4187,0.0238,0.2219,6.7564
1417,6.8729,6.5038,0.0238,0.2420,6.8563
1418,6.9118,6.5722,0.0228,0.2748,6.9632
1419,7.0032,6.8171,0.0242,0.1563,7.1045
1420,7.1441,6.4234,0.0223,0.3984,6.9270
1421,6.9738,6.6505,0.0255,0.0810,6.8654
1422,6.9062,6.5767,0.0216,0.1535,6.8315
1423,6.8788,6.9041,0.0250,0.0857,7.1061
1424,7.1474,6.8207,0.0281,0.2122,7.1449
1425,7.1939,6.0751,0.0433,0.2558,6.5012
1426,6.5936,6.5514,0.0250,0.1406,6.8218
1427,6.8993,6.8265,0.0285,0.0884,7.0623
1428,7.1032,6.2703,0.0297,0.2133,6.6049
1429,6.6424,6.6551,0.0402,0.2733,7.0911
1430,7.2935,5.9671,0.0280,0.1908,6.2951
1431,6.3458,6.6475,0.0258,0.2065,6.9780
1432,7.0268,6.5239,0.0246,0.2368,6.8832
1433,6.9705,6.5214,0.0222,0.2154,6.8495
1434,6.8906,7.0581,0.0318,0.2250,7.4116
1435,7.4662,6.3227,0.0231,0.1711,6.6624
1436,6.7085,6.2380,0.0272,0.3129,6.6704
1437,6.7282,8.3391,0.0618,0.1514,8.8489
1438,8.9289,4.7549,0.0322,0.1463,5.1535
1439,5.1987,6.5302,0.0308,0.2006,6.8640
1440,6.9286,6.2549,0.0349,0.1738,6.5863
1441,6.6461,6.5730,0.0281,0.1946,6.8994
1442,6.9444,6.5675,0.0230,0.2217,6.9064
1443,6.9457,6.5554,0.0250,0.2141,6.8964
1444,6.9376,6.6435,0.0193,0.1939,6.9467
1445,7.0015,7.0308,0.0304,0.0962,7.2852
1446,7.3464,6.3092,0.0239,0.2982,6.7235
1447,6.7882,6.4553,0.0234,0.2283,6.7975
1448,6.8875,7.9208,0.0557,0.1024,8.2125
1449,8.2729,5.3567,0.0892,0.1350,5.6797
1450,5.7177,6.9097,0.0273,0.0875,7.1276
1451,7.1698,6.5269,0.0237,0.0854,6.7968
1452,6.8360,6.4805,0.0358,0.2050,6.8370
1453,6.9313,6.7796,0.0259,0.2287,7.1771
1454,7.2240,6.3100,0.0662,0.3982,6.9691
1455,7.0910,6.0663,0.0304,0.1069,6.4174
1456,6.4610,6.3585,0.0254,0.2808,6.7678
1457,6.8071,6.5234,0.0269,0.2207,6.9065
1458,6.9520,6.5331,0.0269,0.2072,6.8660
1459,6.9096,6.7261,0.0263,0.2235,7.0783
1460,7.1195,6.3366,0.0255,0.2657,6.7302
1461,6.8197,6.5560,0.0335,0.2328,6.9406
1462,7.0005,6.3053,0.0220,0.1843,6.6199
1463,6.6650,6.5537,0.0216,0.2480,6.9309
1464,6.9726,7.1068,0.0242,0.2517,7.4856
1465,7.5327,5.9523,0.0206,0.2981,6.3690
1466,6.4076,6.7496,0.0230,0.1942,7.0692
1467,7.1069,6.7021,0.0251,0.1101,6.9583
1468,6.9971,7.0102,0.0290,0.1776,7.3856
1469,7.4402,5.8891,0.0480,0.1037,6.2083
1470,6.2627,6.6644,0.0550,0.0986,7.0038
1471,7.0567,6.3332,0.0265,0.1971,6.6810
1472,6.7305,6.4020,0.0295,0.2693,6.8208
1473,6.9819,6.6536,0.0253,0.1496,6.9443
1474,6.9895,6.5097,0.0223,0.1787,6.8159
1475,6.9274,6.6760,0.0267,0.2228,7.0433
1476,7.0853,6.3817,0.0299,0.2186,6.7322
1477,6.7780,6.5237,0.0294,0.1903,6.8616
1478,6.9186,6.4629,0.0268,0.1756,6.8051
1479,6.8664,14.3510,0.1151,0.2910,14.9659
1480,15.0918,5.5082,0.0332,0.2706,5.9510
1481,6.1083,6.4123,0.0286,0.2204,6.7790
1482,6.8328,6.3058,0.0409,0.1568,6.6675
1483,6.7975,6.3616,0.0306,0.2044,6.7240
1484,6.7786,6.6874,0.0284,0.1862,7.0264
1485,7.2461,6.4010,0.0266,0.1858,6.7402
1486,6.8522,6.4241,0.0250,0.1997,6.7673
1487,6.8083,6.5044,0.0235,0.2146,6.8413
1488,6.8772,6.6489,0.0232,0.1856,6.9621
1489,7.0722,6.9529,0.0309,0.2604,7.3462
1490,7.4286,6.4364,0.0260,0.0825,6.6491
1491,6.6874,6.7947,0.0289,0.1032,7.0494
1492,7.1035,6.4481,0.0271,0.0836,6.6565
1493,6.6955,6.7730,0.0390,0.2348,7.1437
1494,7.1853,6.8109,0.0269,0.1820,7.1222
1495,7.1771,6.5916,0.0320,0.2419,6.9844
1496,7.0498,6.1228,0.0274,0.1720,6.4264
1497,6.4741,7.0323,0.0596,0.1704,7.4583
1498,7.5306,5.8326,0.0829,0.1602,6.2036
1499,6.2475,6.4432,0.0547,0.2317,6.8316
1500,6.8965,6.5942,0.0256,0.0914,6.8150
1501,6.8578,7.0413,0.0249,0.0823,7.2432
1502,7.2848,6.5661,0.0299,0.2388,6.9619
1503,7.0034,6.6864,0.0252,0.1416,6.9375
1504,6.9745,6.4031,0.0235,0.1593,6.7507
1505,6.7913,6.6101,0.0270,0.1665,6.9000
1506,6.9494,6.7828,0.0237,0.1587,7.0509
1507,7.0904,6.5244,0.0839,0.0824,6.9390
1508,6.9869,6.2562,0.0240,0.2074,6.5745
1509,6.6119,6.4751,0.0549,0.1023,6.7210
1510,6.7691,7.1937,0.0301,0.1914,7.5221
1511,7.6346,5.9173,0.0401,0.2530,6.3509
1512,6.4241,6.5262,0.0263,0.1974,6.8524
1513,6.9376,6.4108,0.0297,0.2441,6.7760
1514,6.8862,6.3405,0.0261,0.2441,6.7011
1515,6.7417,6.5444,0.0244,0.2185,6.8775
1516,6.9185,7.0161,0.0286,0.2235,7.3615
1517,7.4059,6.2752,0.0301,0.1988,6.6031
1518,6.6974,6.4135,0.0260,0.2387,6.7704
1519,6.8170,6.5429,0.0231,0.2747,6.9271
1520,6.9671,6.6120,0.0261,0.4090,7.1393
1521,7.1856,6.4630,0.0250,0.1463,6.7282
1522,6.7703,6.7316,0.0222,0.1914,7.0373
1523,7.0938,6.6778,0.0549,0.1048,6.9334
1524,6.9936,7.3484,0.0886,0.4823,8.0762
1525,8.1907,4.9028,0.0276,0.2234,5.2670
1526,5.3488,6.5163,0.0312,0.1825,6.8465
1527,6.8981,6.5989,0.0248,0.2034,6.9204
1528,6.9604,7.1185,0.0252,0.2178,7.4524
1529,7.5026,6.1511,0.0538,0.1790,6.4865
1530,6.5348,6.9572,0.0274,0.1590,7.2526
1531,7.2929,6.6906,0.0236,0.1526,6.9514
1532,7.0718,6.4301,0.0274,0.1022,6.6524
1533,6.6973,6.5186,0.0532,0.1317,6.8399
1534,6.8791,6.8014,0.0238,0.1544,7.0672
1535,7.1049,6.4353,0.0245,0.1134,6.7576
1536,6.7953,6.6208,0.0414,0.0767,6.8297
1537,6.8739,7.0838,0.0286,0.1907,7.4081
1538,7.4895,5.8919,0.0417,0.1124,6.1719
1539,6.2160,7.2031,0.0227,0.2190,7.5293
1540,7.5887,6.2292,0.0641,0.2852,6.7322
1541,7.0664,5.9863,0.0282,0.1865,6.3088
1542,6.3584,6.6172,0.0234,0.1665,6.9027
1543,6.9447,6.6682,0.0286,0.1639,6.9578
1544,7.0020,6.4836,0.0279,0.2262,6.8604
1545,6.9004,6.4934,0.0293,0.4010,7.0218
1546,7.1200,6.9023,0.0260,0.1566,7.2114
1547,7.2689,6.2023,0.0247,0.2223,6.5517
1548,6.5939,6.4784,0.0230,0.2749,6.8667
1549,6.9128,6.0808,0.0227,0.1850,6.4158
1550,6.4725,7.0965,0.0235,0.1567,7.3771
1551,7.4833,6.7608,0.0237,0.2317,7.1019
1552,7.1516,6.0911,0.0552,0.1239,6.4309
1553,6.4733,6.8272,0.0219,0.2104,7.1426
1554,7.2117,6.6374,0.0329,0.0754,6.9114
1555,6.9604,6.6878,0.0340,0.2502,7.0891
1556,7.1548,5.8075,0.0257,0.2356,6.1679
1557,6.2117,6.9156,0.0306,0.1693,7.2066
1558,7.2493,6.6034,0.0538,0.1762,6.9326
1559,6.9741,6.9288,0.0253,0.1634,7.2290
1560,7.2764,6.2355,0.0232,0.1570,6.5431
1561,6.5804,6.8377,0.0240,0.0784,7.0245
1562,7.0619,7.1035,0.0375,0.0957,7.3516
1563,7.4265,6.0175,0.0255,0.2748,6.4111
1564,6.4749,6.7874,0.0247,0.1572,7.0545
1565,7.0938,6.2430,0.0284,0.1948,6.5595
1566,6.6196,16.6455,0.0453,0.2924,17.1229
1567,17.2065,3.9659,0.0332,0.1302,4.2862
1568,4.3410,6.0474,0.0418,0.2297,6.5080
1569,6.5801,6.4395,0.0703,0.2229,6.8975
1570,6.9543,6.2497,0.0210,0.2280,6.6037
1571,6.6427,6.6081,0.0397,0.0970,6.8653
1572,6.9247,6.5986,0.0305,0.0986,6.9733
1573,7.0724,6.4515,0.0276,0.1920,6.7789
1574,6.8374,6.4910,0.0375,0.2040,6.8507
1575,6.8961,6.4777,0.0259,0.1360,6.7369
1576,6.7791,6.6290,0.0247,0.1914,6.9388
1577,6.9888,6.9126,0.0261,0.0806,7.1115
1578,7.1519,6.4326,0.0248,0.1578,6.6993
1579,6.7357,6.8711,0.0247,0.0796,7.0642
1580,7.1037,7.1171,0.0683,0.1603,7.5668
1581,7.6614,5.8301,0.0402,0.1169,6.1138
1582,6.1767,6.4821,0.0301,0.1979,6.8485
1583,6.8946,6.4926,0.0396,0.1718,6.8380
1584,6.9218,6.2941,0.0267,0.2153,6.6332
1585,6.7135,6.6304,0.0247,0.2202,6.9690
1586,7.0112,6.5585,0.0247,0.2122,6.8830
1587,6.9245,6.5718,0.0252,0.2222,6.9084
1588,6.9498,7.0385,0.0279,0.2593,7.4303
1589,7.5148,6.4985,0.0268,0.0746,6.7075
1590,6.7817,6.7145,0.0247,0.1519,6.9832
1591,7.0946,6.4563,0.0274,0.2271,6.8019
1592,6.8681,6.4053,0.0347,0.1243,6.6721
1593,6.7211,7.0097,0.0270,0.2376,7.3728
1594,7.4251,6.2287,0.0740,0.1069,6.5471
1595,6.6016,6.5815,0.0322,0.2291,6.9343
1596,6.9780,6.5045,0.0259,0.2039,6.8242
1597,6.8705,6.2603,0.0372,0.2501,6.6673
1598,6.8444,6.3451,0.0279,0.1729,6.6718
1599,6.7401,6.5133,0.0244,0.2002,6.8345
1600,6.9148,6.4223,0.0248,0.2475,6.7922
1601,6.8427,6.5721,0.0253,0.2079,6.9059
1602,6.9480,6.5460,0.0217,0.2540,6.9128
1603,6.9744,7.1670,0.0454,0.2589,7.6759
1604,7.7384,6.0475,0.0348,0.1974,6.3931
1605,6.5259,6.6971,0.0297,0.0891,6.9188
1606,6.9767,6.4170,0.0264,0.1581,6.6937
1607,6.7702,14.5998,0.0440,0.2547,15.1071
1608,15.2210,5.4802,0.0428,0.1472,5.8132
1609,5.8778,6.4395,0.0422,0.1232,6.7428
1610,6.7973,6.3750,0.0303,0.2079,6.7096
1611,6.8326,6.5658,0.0389,0.3921,7.1214
1612,7.2061,6.4096,0.0297,0.2286,6.7752
1613,6.8155,6.4515,0.0315,0.2096,6.7954
1614,6.8381,6.6875,0.0299,0.1409,6.9591
1615,7.0003,6.2844,0.0337,0.1596,6.5884
1616,6.6487,6.7971,0.0259,0.1637,7.1620
1617,7.2079,6.4762,0.0302,0.0805,6.7892
1618,6.8316,6.7516,0.0242,0.2002,7.0858
1619,7.1301,6.4770,0.0249,0.2158,6.8214
1620,6.8614,7.0523,0.0305,0.2168,7.4169
1621,7.5108,6.0526,0.0263,0.1388,6.3306
1622,6.3811,6.8053,0.0373,0.0879,7.0570
1623,7.1783,6.9589,0.0346,0.2051,7.3456
1624,7.4532,5.9795,0.0301,0.2334,6.3775
1625,6.4205,7.2846,0.0707,0.2847,7.8039
1626,7.9072,5.0115,0.0336,0.1711,5.3974
1627,5.4590,6.7783,0.0240,0.2148,7.1263
1628,7.2441,6.6283,0.0283,0.2317,6.9970
1629,7.0385,6.1921,0.0231,0.2290,6.5441
1630,6.6596,6.4733,0.0218,0.1613,6.7635
1631,6.8017,6.6431,0.0453,0.1811,7.0324
1632,7.0813,6.4650,0.0456,0.1872,6.8252
1633,6.8896,6.7370,0.0247,0.2498,7.1173
1634,7.1975,6.7474,0.0251,0.1604,7.0307
1635,7.1419,6.3920,0.0274,0.1463,6.7079
1636,6.7472,6.7085,0.0206,0.1553,6.9789
1637,7.0188,6.7644,0.0230,0.2124,7.1569
1638,7.2127,6.2731,0.0229,0.1788,6.5823
1639,6.6471,6.7822,0.0245,0.1580,7.0624
1640,7.1002,6.7025,0.0585,0.3803,7.3256
1641,7.4161,5.8508,0.0280,0.1765,6.2060
1642,6.2459,6.5712,0.0283,0.1823,6.9885
1643,7.0566,6.2500,0.0279,0.2205,6.6034
1644,6.6583,6.6158,0.0396,0.1837,6.9445
1645,7.0000,6.5510,0.0301,0.1992,6.8875
1646,6.9709,6.5296,0.0218,0.1749,6.8350
1647,6.8735,6.6582,0.0340,0.1200,6.9580
1648,7.0038,6.6126,0.0265,0.2016,6.9404
1649,6.9822,14.7442,0.0429,0.3038,15.2396
1650,15.3811,5.6753,0.0288,0.2016,6.0322
1651,6.0800,6.2603,0.0321,0.1672,6.6025
1652,6.7056,6.6828,0.0367,0.2842,7.1362
1653,7.2042,6.0012,0.0237,0.2155,6.3507
1654,6.3885,6.2431,0.0352,0.1743,6.5840
1655,6.6489,6.5029,0.0258,0.2048,6.8416
1656,6.9204,6.5609,0.0222,0.2537,6.9345
1657,6.9765,6.5235,0.0258,0.2623,6.9154
1658,6.9555,6.6320,0.0321,0.2808,7.0608
1659,7.1138,6.3510,0.0260,0.2082,6.6818
1660,6.7202,6.5677,0.0209,0.2272,6.9094
1661,6.9447,7.1993,0.0257,0.2451,7.5645
1662,7.6138,6.1376,0.0263,0.2014,6.4586
1663,6.5119,6.5865,0.0254,0.3560,7.0661
1664,7.1073,6.3148,0.0256,0.1616,6.5846
1665,6.6226,7.0474,0.0227,0.2070,7.3643
1666,7.4154,6.7700,0.0362,0.0883,7.0021
1667,7.0788,6.3343,0.0245,0.1288,6.6300
1668,6.6706,6.6204,0.0542,0.1177,6.9218
1669,7.0609,6.2944,0.0299,0.2120,6.6840
1670,6.7324,6.6500,0.0327,0.1032,6.9503
1671,7.0036,6.4612,0.0241,0.1538,6.7424
1672,6.7798,6.6049,0.0409,0.1357,6.8717
1673,6.9124,6.5564,0.0213,0.1903,6.8597
1674,6.8989,6.7544,0.0275,0.1588,7.0332
1675,7.0940,6.5605,0.0298,0.3406,7.0183
1676,7.0625,6.4461,0.0278,0.2690,6.8472
1677,6.9645,6.9097,0.0294,0.1937,7.2671
1678,7.3199,6.0665,0.0218,0.3268,6.5028
1679,6.5428,6.6977,0.0250,0.1490,6.9907
1680,7.0339,6.4891,0.0287,0.1981,6.7989
1681,6.8383,6.6489,0.0241,0.1963,6.9542
1682,6.9976,6.4429,0.0238,0.2538,6.8100
1683,6.8476,6.6108,0.0319,0.2628,7.0190
1684,7.0843,6.3051,0.0262,0.1423,6.5710
1685,6.6523,6.8347,0.0285,0.2076,7.2107
1686,7.2618,6.2779,0.0263,0.1315,6.5214
1687,6.6157,6.8394,0.0256,0.1614,7.1128
1688,7.1525,6.7008,0.0264,0.0797,6.8946
1689,6.9525,6.9629,0.0257,0.1990,7.3171
1690,7.3652,6.0219,0.0622,0.2508,6.4332
1691,6.4734,6.8076,0.0256,0.1585,7.0775
1692,7.1810,6.4446,0.0300,0.1600,6.7453
1693,6.8650,15.3670,0.0458,0.2809,15.8480
1694,15.9568,4.2488,0.0331,0.4125,4.8110
1695,4.8659,6.5591,0.0306,0.3013,7.0088
1696,7.0687,6.2299,0.0482,0.1400,6.5323
1697,6.6051,6.2372,0.0261,0.1910,6.5564
1698,6.6014,6.5900,0.0266,0.1726,6.8915
1699,6.9327,6.6246,0.0214,0.2453,6.9789
1700,7.0169,6.5380,0.0205,0.2513,6.8952
1701,6.9328,6.5643,0.0189,0.2221,6.8868
1702,6.9237,6.6411,0.0229,0.2288,6.9776
1703,7.0186,6.8969,0.0251,0.0779,7.0926
1704,7.1333,6.7776,0.0246,0.1530,7.0388
1705,7.0795,6.4277,0.0268,0.2638,6.8042
1706,6.9031,6.5233,0.0246,0.1794,6.8408
1707,6.8810,6.5456,0.0263,0.2144,6.8891
1708,6.9386,6.7377,0.0281,0.1580,7.0312
1709,7.0740,6.8941,0.0240,0.2393,7.2431
1710,7.2895,6.3002,0.0287,0.3187,6.7552
1711,6.8275,6.4342,0.0402,0.2364,6.8425
1712,7.0482,6.2909,0.0970,0.1118,6.6774
1713,6.7391,6.3144,0.0263,0.0781,6.5452
1714,6.5871,6.5415,0.0331,0.1643,6.8352
1715,7.0153,6.7229,0.0332,0.1611,7.0307
1716,7.0770,6.1824,0.0260,0.1924,6.5053
1717,6.5508,6.6078,0.0207,0.2490,6.9747
1718,7.0674,6.4551,0.0228,0.2630,6.8320
1719,6.9104,6.4618,0.0238,0.2137,6.7875
1720,6.8621,6.5925,0.0253,0.2063,6.9130
1721,6.9506,7.0450,0.0281,0.2144,7.3765
1722,7.4419,6.6042,0.0261,0.1567,6.8960
1723,6.9351,6.6238,0.0357,0.1893,6.9507
1724,7.0046,6.4146,0.0360,0.2038,6.7784
1725,6.8178,6.3866,0.0289,0.1651,6.6848
1726,6.7312,7.2536,0.0567,0.2669,7.8111
1727,7.8945,5.5324,0.0736,0.1003,5.8503
1728,5.8944,6.5911,0.0327,0.1760,6.9229
1729,6.9648,6.7001,0.0238,0.1535,6.9695
1730,7.0395,6.7822,0.0348,0.1604,7.1238
1731,7.1736,6.3747,0.0243,0.2208,6.7103
1732,6.7600,6.5292,0.0503,0.2156,6.9283
1733,6.9803,7.3699,0.0343,0.2893,7.8020
1734,7.8520,9.6496,0.0311,0.2173,9.9977
1735,10.0776,4.3010,0.0455,0.4536,4.9342
1736,5.0071,4.0815,0.0265,0.2470,4.4760
1737,4.5336,7.0973,0.0256,0.0878,7.3100
1738,7.3927,6.7821,0.0250,0.0862,6.9865
1739,7.0570,6.6094,0.0301,0.1746,6.9393
1740,7.0035,6.7890,0.0493,0.1486,7.1999
1741,7.3190,5.7530,0.0276,0.3459,6.2570
1742,6.2971,6.3439,0.0301,0.2006,6.6779
1743,6.7294,6.4293,0.0218,0.2687,6.8128
1744,6.8664,6.4976,0.0228,0.3235,6.9373
1745,7.0256,6.6066,0.0327,0.1621,6.9456
1746,6.9944,6.4540,0.0281,0.2322,6.8050
1747,6.8529,6.5817,0.0514,0.2058,6.9363
1748,7.0060,6.5228,0.0304,0.1989,6.8426
1749,6.9275,6.7018,0.0216,0.1488,6.9706
1750,7.0071,6.9735,0.0237,0.2295,7.3124
1751,7.3613,6.2244,0.0340,0.1870,6.5609
1752,6.6146,6.5533,0.0258,0.2115,6.8932
1753,6.9346,6.5717,0.0239,0.1642,6.8497
1754,6.8880,6.9043,0.0262,0.1937,7.2140
1755,7.2551,6.4186,0.0328,0.2649,6.8274
1756,6.9313,6.1694,0.0245,0.2138,6.5046
1757,6.5451,6.9000,0.0227,0.1566,7.1674
1758,7.2086,6.5842,0.0225,0.1579,6.8630
1759,6.9101,6.4996,0.0545,0.0895,6.8172
1760,6.8908,6.4951,0.0252,0.1319,6.7530
1761,6.7966,6.4075,0.0254,0.2373,6.7659
1762,6.8100,7.1603,0.0273,0.1752,7.4588
1763,7.5211,6.2620,0.0248,0.2003,6.5840
1764,6.6264,6.9696,0.0272,0.1795,7.2789
1765,7.3399,6.5824,0.0380,0.1020,6.9003
1766,6.9594,6.0501,0.0292,0.1427,6.3228
1767,6.4560,6.7397,0.0235,0.1935,7.0473
1768,7.1433,6.6262,0.0358,0.1660,6.9447
1769,6.9822,6.9935,0.0416,0.3508,7.5306
1770,7.6485,5.7485,0.0627,0.1510,6.0690
1771,6.1099,6.4627,0.0235,0.2666,6.8589
1772,6.9020,6.6654,0.1393,0.1077,7.0302
1773,7.0869,6.4056,0.0230,0.2180,6.7415
1774,6.8514,6.6453,0.0712,0.0950,6.9314
1775,6.9757,6.3693,0.0281,0.1805,6.6853
1776,6.7317,6.5044,0.0642,0.1779,6.8433
1777,6.8833,16.5118,0.0425,0.7505,17.4376
1778,17.5100,3.8312,0.0452,0.1132,4.1591
1779,4.2252,6.0883,0.0289,0.0887,6.4260
1780,6.5419,6.3248,0.0512,0.0742,6.6606
1781,6.7003,6.7090,0.0314,0.4094,7.2637
1782,7.3287,5.8266,0.0261,0.1874,6.1616
1783,6.2216,6.5243,0.0322,0.1933,6.8750
1784,6.9333,6.5226,0.0245,0.2061,6.8612
1785,6.9504,6.5010,0.0227,0.2106,6.8396
1786,6.8802,6.5620,0.0213,0.2263,6.9160
1787,6.9574,6.6699,0.0267,0.2111,7.0076
1788,7.0470,6.4350,0.0209,0.2173,6.7725
1789,6.8076,7.2367,0.0756,0.1139,7.5407
1790,7.6030,6.4871,0.0324,0.0969,6.7217
1791,6.7604,6.3552,0.0330,0.1845,6.7117
1792,6.7520,6.7547,0.0223,0.0740,6.9522
1793,6.9975,6.8729,0.0290,0.0888,7.1267
1794,7.2466,6.6078,0.0282,0.1793,6.9322
1795,6.9824,6.5011,0.0361,0.2104,6.9105
1796,6.9910,6.4405,0.0700,0.2110,6.8466
1797,6.9016,6.0645,0.0736,0.3177,6.5771
1798,6.6426,6.2714,0.0333,0.1831,6.6143
1799,6.6832,6.3987,0.0250,0.2069,6.7491
1800,6.7893,6.7177,0.0359,0.2047,7.0891
1801,7.1574,6.3288,0.0272,0.1885,6.6680
1802,6.7145,6.6076,0.0254,0.2210,6.9591
1803,7.0325,6.6089,0.0282,0.2058,6.9417
1804,7.0360,7.0037,0.0266,0.0964,7.2320
1805,7.2828,6.7770,0.0308,0.1866,7.2141
1806,7.2587,6.4204,0.0274,0.0881,6.6435
1807,6.6849,6.6284,0.0296,0.0801,6.9056
1808,6.9454,5.8983,0.0581,0.1409,6.3214
1809,6.3619,7.0554,0.0247,0.1456,7.3261
1810,7.4236,6.5103,0.0676,0.0914,6.8057
1811,6.8497,6.6018,0.0526,0.0860,6.8804
1812,6.9202,6.5347,0.0376,0.2119,6.9310
1813,7.0361,6.5202,0.0272,0.1631,6.8220
1814,6.9090,6.6364,0.0326,0.0844,6.8678
1815,6.9129,6.7217,0.0268,0.0886,6.9342
1816,6.9726,6.4557,0.0246,0.2363,6.8186
1817,6.8603,6.9596,0.0262,0.2499,7.3366
1818,7.3836,6.1086,0.0271,0.1305,6.3856
1819,6.4409,14.6056,0.0599,0.3856,15.2162
1820,15.2915,5.2591,0.0265,0.1082,5.5173
1821,5.5594,6.5495,0.0270,0.2839,6.9802
1822,7.0248,6.5868,0.0302,0.1347,6.8696
1823,6.9356,6.3790,0.0288,0.2946,6.8339
1824,6.8755,6.5560,0.0266,0.1928,6.8943
1825,6.9392,6.5573,0.0681,0.1310,6.9246
1826,6.9931,6.8020,0.0337,0.1791,7.1233
1827,7.1758,6.0545,0.0220,0.2077,6.3820
1828,6.4219,6.5783,0.0211,0.2139,6.9068
1829,7.0052,6.5524,0.0282,0.2153,6.8852
1830,6.9270,6.5277,0.0219,0.2228,6.8600
1831,6.8998,6.9816,0.0259,0.1908,7.2903
1832,7.3369,6.6610,0.0229,0.1549,6.9204
1833,7.0159,6.5135,0.0585,0.1902,6.8845
1834,6.9307,6.5892,0.0223,0.1538,6.8493
1835,6.8875,6.5187,0.0371,0.1629,6.8058
1836,6.8463,6.7300,0.0238,0.4747,7.3273
1837,7.4480,6.3860,0.0258,0.1609,6.6646
1838,6.8070,6.1997,0.1330,0.0988,6.5967
1839,6.6651,6.6739,0.0274,0.1096,6.9074
1840,6.9457,7.4444,0.0565,0.1251,7.8437
1841,7.9163,6.0793,0.0721,0.1251,6.3989
1842,6.4756,6.0133,0.0566,0.1016,6.2993
1843,6.3430,6.4534,0.0342,0.1826,6.7905
1844,6.8311,6.5558,0.0268,0.2451,6.9175
1845,6.9583,6.7117,0.0235,0.1598,6.9873
1846,7.0308,6.6160,0.0230,0.1919,6.9558
1847,6.9938,6.7618,0.0260,0.1576,7.0305
1848,7.0755,6.6884,0.0309,0.2569,7.0771
1849,7.1272,6.3454,0.0288,0.1686,6.6780
1850,6.7200,6.7178,0.0303,0.0736,6.9187
1851,6.9586,6.4158,0.0688,0.1575,6.7298
1852,6.7734,6.8696,0.0315,0.4560,7.4606
1853,7.5334,6.2078,0.0298,0.1411,6.4761
1854,6.5192,7.0156,0.0616,0.3410,7.6101
1855,7.6862,5.3035,0.0261,0.1892,5.6621
1856,5.7060,6.6343,0.0253,0.2046,6.9593
1857,6.9979,6.7178,0.0242,0.2355,7.0697
1858,7.2119,6.3114,0.0297,0.1936,6.6502
1859,6.6920,6.5838,0.0250,0.2046,6.9086
1860,6.9973,6.7401,0.0256,0.2415,7.0919
1861,7.1403,6.5943,0.0271,0.2076,6.9366
1862,6.9782,6.6403,0.0293,0.2646,7.0245
1863,7.0835,7.9380,0.0909,0.1608,8.4169
1864,8.5104,4.5673,0.0286,0.2179,4.9109
1865,4.9590,6.6412,0.0232,0.2021,6.9565
1866,7.0861,6.4906,0.0240,0.1759,6.7843
1867,6.8274,6.7155,0.0276,0.1661,7.0169
1868,7.0907,7.2258,0.0326,0.2117,7.6183
1869,7.6753,5.8958,0.0382,0.2531,6.3177
1870,6.3956,6.4494,0.0245,0.2594,6.8340
1871,6.8783,6.2707,0.0312,0.2992,6.7173
1872,6.7734,7.0324,0.0245,0.2716,7.4377
1873,7.4932,6.5684,0.0255,0.3195,7.0098
1874,7.0755,6.0820,0.0222,0.1478,6.3407
1875,6.3914,6.5900,0.0226,0.2000,6.8989
1876,6.9428,7.3263,0.0380,0.2323,7.7218
1877,7.7866,5.9105,0.0295,0.1574,6.2373
1878,6.2833,6.5999,0.0286,0.2034,6.9399
1879,7.0559,6.4679,0.0278,0.0825,6.6725
1880,6.7157,7.0395,0.0591,0.1893,7.4774
1881,7.5667,5.6207,0.0328,0.1558,5.9333
1882,6.0142,6.5496,0.0290,0.2016,6.8824
1883,6.9291,6.5592,0.0239,0.2102,6.8940
1884,6.9359,6.5227,0.0314,0.1800,6.8452
1885,6.8960,6.6181,0.0274,0.2104,6.9546
1886,7.0511,6.4909,0.0233,0.2252,6.8300
1887,6.9001,6.5770,0.0327,0.1968,6.9139
1888,6.9724,6.5186,0.0222,0.2091,6.8451
1889,6.8848,7.0314,0.0267,0.2616,7.4170
1890,7.4680,6.5304,0.0254,0.0982,6.7434
1891,6.7909,6.3582,0.0249,0.2320,6.7195
1892,6.7640,7.0146,0.0241,0.2112,7.3346
1893,7.3910,6.1269,0.0248,0.3262,6.5934
1894,6.6379,6.8784,0.0230,0.1521,7.1338
1895,7.1730,6.7590,0.0325,0.1682,7.0789
1896,7.1502,6.2933,0.0273,0.2119,6.6467
1897,6.7007,6.7941,0.0293,0.1039,7.0335
1898,7.0873,5.9583,0.0372,0.4189,6.6055
1899,6.6840,6.5180,0.0291,0.1391,6.7904
1900,6.8601,6.8225,0.0318,0.2229,7.1900
1901,7.2904,6.2935,0.0238,0.2324,6.6548
1902,6.7017,6.4897,0.0244,0.1867,6.7938
1903,6.8400,7.1702,0.0327,0.2789,7.5961
1904,7.6640,5.6653,0.0374,0.3532,6.1484
1905,6.2205,17.5261,0.0416,0.2466,17.9449
1906,18.0806,2.4080,0.0243,0.3125,2.8572
1907,2.8991,6.5237,0.0270,0.2017,6.8619
1908,6.9082,6.6142,0.0364,0.0893,6.9173
1909,6.9659,6.5052,0.0269,0.1195,6.8062
1910,6.8495,6.6768,0.0385,0.2133,7.0541
1911,7.1101,6.7496,0.0349,0.2441,7.1503
1912,7.2511,5.7091,0.0307,0.2248,6.0822
1913,6.1796,6.4022,0.0248,0.1997,6.7311
1914,6.7732,6.6535,0.0226,0.2217,7.0012
1915,7.0393,6.4670,0.0219,0.2545,6.8318
1916,6.8721,6.6839,0.0225,0.3088,7.1048
1917,7.1547,6.4631,0.0244,0.2160,6.8076
1918,6.8660,6.5584,0.0352,0.1645,6.8762
1919,6.9142,7.0653,0.0251,0.1618,7.3355
1920,7.3851,6.4322,0.0207,0.2090,6.7489
1921,6.8205,6.7552,0.0260,0.1136,6.9862
1922,7.0335,6.6433,0.0257,0.0830,6.8424
1923,6.8820,6.4348,0.0249,0.1443,6.6892
1924,6.7652,6.8341,0.0288,0.0929,7.0563
1925,7.1024,6.2583,0.0275,0.0784,6.5599
1926,6.6011,7.0844,0.0462,0.3033,7.5628
1927,7.7270,6.1105,0.0335,0.1955,6.4565
1928,6.5161,6.5729,0.0290,0.0803,6.8083
1929,6.8507,6.5083,0.0247,0.1779,6.8243
1930,6.8890,6.6782,0.0285,0.2059,7.0115
1931,7.0554,6.4792,0.0275,0.2539,6.8483
1932,6.9011,6.4491,0.0306,0.1446,6.7174
1933,6.7922,6.7168,0.0253,0.2905,7.1312
1934,7.1727,6.9155,0.0323,0.2075,7.2671
1935,7.3666,6.8548,0.0524,0.1266,7.1814
1936,7.2553,5.9946,0.0243,0.1377,6.2784
1937,6.3221,6.7791,0.0272,0.1570,7.1267
1938,7.1844,6.0135,0.0492,0.1104,6.2765
1939,6.3156,6.8023,0.0285,0.2510,7.1997
1940,7.2635,6.7744,0.0301,0.0863,7.0039
1941,7.0478,6.4234,0.0322,0.1965,6.7770
1942,6.8547,6.1346,0.0275,0.2328,6.5347
1943,6.5794,7.2142,0.0299,0.1908,7.5558
1944,7.6123,6.2901,0.0323,0.1925,6.6288
1945,6.6858,6.7115,0.0240,0.1617,7.0006
1946,7.1105,14.5271,0.0549,0.2915,15.1067
1947,15.2802,5.0495,0.0299,0.2927,5.4923
1948,5.5373,6.4402,0.0274,0.1772,6.7659
1949,6.8122,6.0125,0.0278,0.2698,6.4270
1950,6.4784,6.7088,0.0295,0.2211,7.0593
1951,7.1123,6.3955,0.0247,0.2071,6.7374
1952,6.7812,6.3977,0.0238,0.1992,6.7269
1953,6.7685,6.7902,0.0279,0.1928,7.1575
1954,7.2149,7.0356,0.0448,0.3548,7.6085
1955,7.7376,5.8486,0.0583,0.5887,6.6681
1956,6.7686,5.8278,0.0423,0.1426,6.1785
1957,6.2635,6.5211,0.0241,0.2127,6.8721
1958,6.9130,6.9308,0.0570,0.1020,7.2161
1959,7.2826,6.0875,0.0297,0.1938,6.4303
1960,6.4807,6.6493,0.0256,0.2312,7.0230
1961,7.0691,6.5425,0.0247,0.2024,6.8860
1962,6.9346,6.4725,0.0247,0.2068,6.8095
1963,6.8525,6.6688,0.0262,0.2249,7.0330
1964,7.0887,6.6849,0.0285,0.2896,7.1228
1965,7.1735,6.4105,0.0263,0.2071,6.7559
1966,6.8341,6.4817,0.0258,0.2419,6.8569
1967,6.8984,6.5330,0.0271,0.2398,6.9021
1968,6.9820,6.5794,0.0511,0.5082,7.2937
1969,7.4558,5.8945,0.0376,0.1247,6.2353
1970,6.2934,6.8481,0.0358,0.1907,7.2035
1971,7.2589,6.1931,0.0229,0.1957,6.5309
1972,6.5870,6.4359,0.0253,0.2312,6.7975
1973,6.8389,6.6554,0.0216,0.1819,6.9711
1974,7.0113,6.6465,0.0289,0.2203,6.9977
1975,7.0380,6.6899,0.0321,0.1283,6.9710
1976,7.0154,6.8893,0.0255,0.2340,7.2539
1977,7.2994,6.4380,0.0255,0.0794,6.6739
1978,6.7110,6.7679,0.0233,0.0731,6.9598
1979,6.9993,6.5180,0.0275,0.1940,6.8405
1980,6.8789,6.8352,0.0273,0.1132,7.1318
1981,7.1752,6.4673,0.0275,0.2373,6.8683
1982,6.9121,6.7663,0.0413,0.2917,7.2315
1983,7.3274,5.8617,0.0385,0.1114,6.1758
1984,6.2602,6.2981,0.0282,0.1948,6.6356
1985,6.6827,6.6374,0.0240,0.2378,6.9959
1986,7.0351,6.5326,0.0238,0.2079,6.8625
1987,6.9015,6.5727,0.0233,0.2197,6.9195
1988,6.9562,6.7035,0.0231,0.2974,7.1193
1989,7.2153,6.5576,0.0249,0.2202,6.9251
1990,6.9661,7.8819,0.0632,0.5081,8.6301
1991,8.7089,5.1806,0.0336,0.0919,5.4535
1992,5.4995,6.0840,0.0263,0.2532,6.4573
1993,6.4957,6.5785,0.0264,0.1865,6.8964
1994,6.9384,6.4347,0.0288,0.2477,6.8059
1995,6.8461,6.6394,0.0253,0.1720,6.9275
1996,6.9712,6.9714,0.0314,0.3339,7.4489
1997,7.5127,6.3174,0.0584,0.0968,6.6486
1998,6.7120,6.2836,0.0337,0.1971,6.6221
1999,6.6806,6.4704,0.0255,0.2199,6.8160
2000,6.8769,6.5701,0.0220,0.1858,6.8750
2001,7.0427,6.4802,0.0275,0.2240,6.8296
2002,6.8828,6.5231,0.0288,0.1993,6.8533
2003,6.9141,6.5980,0.0405,0.1663,6.9046
2004,6.9511,6.6992,0.0278,0.1864,7.0052
2005,7.0557,6.4829,0.0278,0.3229,6.9213
2006,6.9642,7.1100,0.0267,0.1738,7.4053
2007,7.4632,6.3878,0.0238,0.1572,6.6536
2008,6.6934,6.3056,0.0709,0.1169,6.6237
2009,6.6676,6.9002,0.0248,0.1496,7.1599
2010,7.1978,6.4786,0.0254,0.1414,6.7269
2011,6.7664,6.6606,0.0292,0.1057,6.9286
2012,7.0607,6.5939,0.0954,0.2571,7.0783
2013,7.1655,5.8712,0.0244,0.2498,6.2446
2014,6.2885,6.5715,0.0227,0.2038,6.8876
2015,6.9241,6.5023,0.0269,0.2102,6.8329
2016,6.8971,6.5369,0.0210,0.2279,6.8740
2017,6.9309,6.6125,0.0450,0.1722,6.9271
2018,7.0081,7.5468,0.0377,0.1800,7.8849
2019,7.9388,6.5821,0.0267,0.2442,6.9434
2020,7.0115,6.4018,0.0280,0.1235,6.6631
2021,6.7065,5.7287,0.0226,0.2133,6.0478
2022,6.0841,7.1508,0.0307,0.1886,7.4872
2023,7.6470,6.7552,0.0313,0.0973,7.0661
2024,7.1209,6.2296,0.0272,0.0784,6.4327
2025,6.4834,6.5893,0.0511,0.2147,6.9657
2026,7.0136,6.6184,0.0320,0.1506,6.9342
2027,6.9946,7.1981,0.0516,0.2526,7.6862
2028,7.7693,5.4309,0.0267,0.2577,5.8159
2029,5.8872,7.0054,0.0308,0.0999,7.2455
2030,7.3087,6.4754,0.0290,0.0839,6.6885
2031,6.7319,6.2392,0.0308,0.1898,6.5694
2032,6.6288,6.6917,0.0383,0.1659,7.0279
2033,7.0970,6.6973,0.0294,0.2523,7.0945
2034,7.2559,7.1582,0.0415,0.8135,8.1532
2035,8.2649,5.0425,0.0343,0.1105,5.3021
2036,5.3608,6.5061,0.0264,0.2613,6.9083
2037,7.0221,6.4586,0.0265,0.2407,6.8277
2038,6.8677,6.4105,0.0202,0.2029,6.7206
2039,6.7931,7.1183,0.0243,0.2544,7.4898
2040,7.5347,6.0354,0.0577,0.1053,6.3569
2041,6.3963,6.8800,0.0297,0.2588,7.2737
2042,7.3456,6.2685,0.0312,0.1310,6.5411
2043,6.5994,6.4096,0.0224,0.1768,6.7092
2044,6.7651,6.6554,0.0330,0.2468,7.0347
2045,7.0813,6.3864,0.0220,0.1769,6.6831
2046,6.7427,6.5603,0.0249,0.1788,6.8515
2047,6.8973,6.8348,0.0329,0.2109,7.1728
2048,7.2154,6.3698,0.0611,0.1536,6.6796
2049,6.8066,6.7331,0.0367,0.3690,7.2425
2050,7.2906,6.4172,0.0700,0.1390,6.7601
2051,6.8300,6.5401,0.0324,0.2048,6.8792
2052,6.9254,6.7227,0.0236,0.1699,7.0064
2053,7.0487,6.5225,0.0239,0.1598,6.8120
2054,6.8528,7.0123,0.0311,0.1987,7.3552
2055,7.4189,6.3359,0.0292,0.2232,6.6964
2056,6.7654,6.3372,0.0319,0.2847,6.7803
2057,6.8522,5.9681,0.0708,0.1671,6.3057
2058,6.3602,6.9052,0.0231,0.1661,7.1891
2059,7.2366,6.9842,0.0658,0.1755,7.3131
2060,7.3669,6.3936,0.0479,0.0768,6.6696
2061,6.7154,6.4044,0.0267,0.3111,6.8404
2062,6.8867,6.7376,0.0301,0.1059,6.9800
2063,7.1149,6.1812,0.0263,0.1802,6.4763
2064,6.5131,6.8938,0.0249,0.1501,7.1567
2065,7.1989,6.5636,0.0245,0.1678,6.8439
2066,6.8864,6.8516,0.0285,0.1995,7.1796
2067,7.2385,5.9098,0.0351,0.1510,6.3115
2068,6.4060,6.6439,0.0392,0.2177,7.0131
2069,7.0964,6.5573,0.0408,0.3534,7.0647
2070,7.1505,6.4217,0.0387,0.2585,6.8993
2071,6.9804,6.0813,0.0373,0.1873,6.4401
2072,6.5044,6.5016,0.0314,0.1856,6.8357
2073,6.8995,6.6785,0.0330,0.1602,6.9872
2074,7.0459,6.5035,0.0234,0.1956,6.8279
2075,6.8721,6.6232,0.0242,0.2620,6.9971
2076,7.0370,6.4862,0.0238,0.2124,6.8192
2077,6.8761,9.8667,0.0414,0.3662,10.4128
2078,10.4750,3.3644,0.0304,0.1941,3.6961
2079,3.7341,6.5212,0.0213,0.1729,6.8077
2080,6.8470,6.6881,0.0265,0.2218,7.0336
2081,7.1358,6.4898,0.0235,0.1682,6.7732
2082,6.8154,6.5870,0.0226,0.1535,6.8490
2083,6.8887,7.0263,0.0232,0.2125,7.3501
2084,7.4001,5.9534,0.0228,0.2560,6.3248
2085,6.3641,7.2074,0.0616,0.4054,7.8136
2086,7.9053,5.6438,0.0796,0.1092,5.9530
2087,6.0067,6.5072,0.0265,0.2160,6.8777
2088,6.9216,6.5298,0.0300,0.1704,6.8266
2089,6.9319,6.5914,0.0261,0.2368,6.9477
2090,6.9978,6.5626,0.0257,0.1880,6.8615
2091,6.8996,6.5097,0.0288,0.2300,6.8581
2092,6.8969,6.3697,0.0295,0.1615,6.6615
2093,6.7099,6.5580,0.0248,0.2021,6.8812
2094,6.9245,6.6711,0.0221,0.2188,7.0089
2095,7.0485,6.6654,0.0215,0.2147,6.9848
2096,7.0199,6.5034,0.0244,0.2258,6.8446
2097,6.8831,6.5696,0.0237,0.2185,6.9011
2098,6.9388,6.5899,0.0229,0.2491,6.9490
2099,6.9976,6.5593,0.0276,0.2464,6.9270
2100,6.9875,6.5186,0.0326,0.1177,6.7807
2101,6.8455,6.5698,0.0219,0.1960,6.8960
2102,6.9585,6.5663,0.0243,0.1832,6.8847
2103,6.9235,6.6151,0.0231,0.2296,6.9542
2104,6.9984,6.8829,0.0286,0.1544,7.1737
2105,7.2175,6.3413,0.0218,0.2494,6.7473
2106,6.7859,6.7173,0.0221,0.1505,6.9871
2107,7.0274,6.5961,0.0230,0.2135,6.9289
2108,7.0179,6.6712,0.0264,0.1643,6.9632
2109,7.0024,6.7109,0.0238,0.1532,6.9831
2110,7.0214,6.4972,0.0536,0.1082,6.8001
2111,6.8444,6.7276,0.0310,0.1728,7.0472
2112,7.1399,6.4114,0.0305,0.0834,6.6682
2113,6.7211,6.4650,0.0296,0.1890,6.8274
2114,6.8667,7.2511,0.0612,0.2971,7.8098
2115,7.8909,5.7503,0.0248,0.3262,6.2187
2116,6.2930,6.5610,0.0874,0.1952,6.9557
2117,7.0217,6.5218,0.0242,0.1569,6.8023
2118,6.8401,6.4719,0.0225,0.1953,6.7916
2119,6.8306,16.5793,0.0418,0.2574,17.0191
2120,17.1049,3.4372,0.0308,0.2732,3.8692
2121,3.9153,6.0927,0.0270,0.1970,6.4671
2122,6.5262,6.7800,0.0351,0.2311,7.1819
2123,7.2490,6.7546,0.0500,0.2371,7.1883
2124,7.2613,6.0012,0.0286,0.1505,6.2997
2125,6.3398,6.7292,0.0269,0.2095,7.0870
2126,7.1290,6.5153,0.0677,0.1044,6.7938
2127,6.8356,6.1547,0.0259,0.2178,6.5147
2128,6.6184,6.5697,0.0324,0.1948,6.9315
2129,6.9855,6.6340,0.0264,0.1914,6.9680
2130,7.0155,6.4982,0.0247,0.1984,6.8350
2131,6.9149,6.4913,0.0246,0.2089,6.8330
2132,6.8682,6.5691,0.0237,0.2175,6.9159
2133,6.9532,6.8890,0.0227,0.1543,7.1633
2134,7.1998,6.6647,0.0227,0.1807,6.9910
2135,7.0295,6.6509,0.0238,0.1478,6.9186
2136,6.9554,6.6707,0.0273,0.0673,6.8646
2137,6.9081,6.7409,0.0269,0.1631,7.0291
2138,7.0696,6.4422,0.0260,0.1563,6.7224
2139,6.7624,6.4170,0.0294,0.2639,6.8260
2140,6.8843,6.9955,0.0426,0.4017,7.6037
2141,7.6841,5.7983,0.0259,0.2212,6.1593
2142,6.2273,6.6894,0.0450,0.1481,7.0875
2143,7.1663,6.2588,0.0253,0.2473,6.6534
2144,6.7035,6.5459,0.0321,0.1524,6.8339
2145,7.1120,6.3602,0.0318,0.2793,6.7794
2146,6.8244,6.4042,0.0315,0.2227,6.7684
2147,6.8697,6.5414,0.0262,0.3342,6.9988
2148,7.0465,6.8308,0.0238,0.1543,7.1054
2149,7.1464,6.2753,0.0271,0.1646,6.5932
2150,6.6314,6.9225,0.0237,0.1581,7.1950
2151,7.2328,6.7791,0.0247,0.2898,7.2209
2152,7.2624,6.6720,0.0338,0.1836,7.0121
2153,7.0931,6.0383,0.0290,0.2387,6.4115
2154,6.4647,6.5686,0.0255,0.2436,6.9316
2155,7.0070,6.9615,0.0550,0.2336,7.4353
2156,7.5034,5.7474,0.0337,0.0879,6.0055
2157,6.0687,6.5338,0.0330,0.2776,6.9525
2158,7.0602,6.2944,0.0339,0.0841,6.6075
2159,6.6525,6.4636,0.0250,0.2334,6.8086
2160,6.8716,6.6743,0.0619,0.1792,7.0204
2161,7.0610,6.6235,0.0238,0.1456,6.8907
2162,6.9728,7.7852,0.0483,0.1256,8.1076
2163,8.2262,5.5975,0.0353,0.1931,5.9382
2164,6.0664,6.2662,0.0332,0.2765,6.6919
2165,6.7460,6.3934,0.0337,0.1833,6.7351
2166,6.8154,6.5735,0.0266,0.1931,6.8975
2167,6.9586,6.3603,0.0215,0.2024,6.7101
2168,6.7690,6.6865,0.0267,0.3353,7.1377
2169,7.1790,6.4561,0.0197,0.3156,6.8723
2170,6.9287,6.6400,0.0233,0.1505,6.9004
2171,6.9383,7.3902,0.0543,0.2773,7.9131
2172,7.9979,6.0603,0.0422,0.1063,6.3683
2173,6.4359,6.3113,0.0369,0.2436,6.7070
2174,6.8074,6.3880,0.0311,0.1964,6.7244
2175,6.7810,6.3503,0.0235,0.2401,6.7045
2176,6.7563,6.4560,0.0260,0.3142,6.8853
2177,6.9290,6.5188,0.0277,0.2138,6.8496
2178,6.8887,6.4307,0.0254,0.2148,6.7591
2179,6.8132,6.8130,0.0255,0.1140,7.0778
2180,7.1351,6.7888,0.0266,0.1740,7.0804
2181,7.1255,6.4516,0.0234,0.1531,6.7348
2182,6.7745,6.8155,0.0236,0.0785,7.0029
2183,7.0420,6.7247,0.0394,0.1580,7.0061
2184,7.0468,6.6969,0.0238,0.0784,6.8853
2185,6.9232,6.3577,0.0210,0.4273,6.8933
2186,6.9328,6.5343,0.0419,0.4643,7.1626
2187,7.2344,6.1987,0.0306,0.2202,6.5555
2188,6.6262,6.3906,0.0224,0.2664,6.7679
2189,6.8156,6.3138,0.0244,0.1746,6.6099
2190,6.6472,6.6949,0.0702,0.1460,7.0134
2191,7.0740,6.5045,0.0252,0.2765,6.8938
2192,6.9348,6.7706,0.0257,0.2195,7.1296
2193,7.1705,6.3543,0.0209,0.1872,6.6537
2194,6.7288,6.7589,0.0271,0.2749,7.1718
2195,7.2129,6.6381,0.0927,0.1834,7.0059
2196,7.0499,6.1565,0.0294,0.0772,6.3800
2197,6.4195,7.0622,0.0275,0.0867,7.2657
2198,7.3059,6.7766,0.0268,0.1380,7.0331
2199,7.0955,6.8206,0.0277,0.1756,7.1864
2200,7.2410,6.1924,0.0596,0.1087,6.5304
2201,6.6231,6.5215,0.0633,0.2112,6.9250
2202,6.9742,6.2371,0.0651,0.1062,6.5212
2203,6.6162,6.7668,0.0612,0.1186,7.0478
2204,7.0890,6.3670,0.0297,0.1937,6.6826
2205,6.7919,6.4471,0.0305,0.2038,6.7909
2206,6.9029,6.6629,0.0279,0.1705,6.9831
2207,7.0275,7.6060,0.0444,0.1222,7.9198
2208,7.9941,5.2372,0.0323,0.1926,5.5756
2209,5.6457,6.6578,0.0231,0.2115,6.9956
2210,7.0452,6.5872,0.0230,0.2469,6.9482
2211,6.9847,6.4174,0.0204,0.2060,6.7302
2212,6.7623,6.6158,0.0261,0.2199,6.9521
2213,6.9977,6.5892,0.0276,0.1757,6.8774
2214,6.9297,6.6101,0.0265,0.2210,6.9466
2215,6.9859,7.6161,0.0616,0.2789,8.1239
2216,8.2060,5.4684,0.0706,0.1065,5.8217
2217,5.8642,6.4878,0.0557,0.1043,6.8111
2218,6.8514,6.7690,0.0217,0.2106,7.0878
2219,7.1595,6.4119,0.0272,0.2555,6.7812
2220,6.8224,6.6555,0.0409,0.1616,6.9654
2221,7.0073,6.3708,0.0252,0.2073,6.7019
2222,6.7485,6.7960,0.0215,0.1556,7.0590
2223,7.0985,6.9903,0.0242,0.2062,7.3062
2224,7.3519,6.2292,0.0289,0.0958,6.5414
2225,6.5832,6.5432,0.0226,0.4239,7.0744
2226,7.1131,6.8474,0.0529,0.3831,7.4006
2227,7.5083,5.8571,0.0408,0.1004,6.1246
2228,6.1952,7.0069,0.0804,0.2549,7.4622
2229,7.5859,5.7294,0.0435,0.1137,6.0354
2230,6.1204,6.4581,0.0421,0.1549,6.7889
2231,6.8781,6.4565,0.0317,0.1962,6.7874
2232,6.8365,6.6120,0.0319,0.1980,6.9386
2233,6.9888,6.7820,0.0331,0.1922,7.1054
2234,7.2313,6.4866,0.0282,0.2072,6.8176
2235,6.8669,6.6051,0.0298,0.1991,6.9309
2236,6.9825,6.2545,0.0265,0.2142,6.5812
2237,6.6269,6.6065,0.0311,0.2000,6.9476
2238,7.0045,6.6515,0.0528,0.2086,7.0375
2239,7.1442,6.4559,0.0282,0.2058,6.7834
2240,6.8332,6.4989,0.0260,0.2172,6.8278
2241,6.8909,6.4897,0.0298,0.2661,6.8894
2242,6.9355,6.4631,0.0246,0.2405,6.8138
2243,6.8572,6.6353,0.0238,0.2223,6.9622
2244,7.0014,6.5719,0.0318,0.2063,6.9107
2245,6.9720,7.1009,0.0271,0.2665,7.4864
2246,7.5750,6.2961,0.0271,0.1771,6.5978
2247,6.6419,6.8746,0.0248,0.2133,7.1965
2248,7.2497,14.5085,0.0736,0.4066,15.1356
2249,15.2589,4.9045,0.0333,0.0844,5.2105
2250,5.2590,6.6541,0.0344,0.2842,7.1124
2251,7.1494,6.4309,0.0279,0.1561,6.7067
2252,6.7454,6.4455,0.0313,0.2884,6.8624
2253,6.9098,6.5651,0.0244,0.2251,6.9184
2254,7.0397,6.3314,0.0247,0.1800,6.6422
2255,6.7052,6.4567,0.0215,0.1862,6.7522
2256,6.8353,6.7046,0.0244,0.2221,7.0659
2257,7.1061,6.6347,0.0313,0.2327,7.0101
2258,7.0811,6.1966,0.0301,0.2174,6.5585
2259,6.6126,6.7747,0.0278,0.3147,7.2165
2260,7.2566,6.7061,0.0272,0.1047,6.9487
2261,6.9942,6.3401,0.0288,0.3100,6.7691
2262,6.8684,6.5525,0.0241,0.3510,7.0223
2263,7.0616,6.0458,0.0279,0.2072,6.3794
2264,6.4247,6.6443,0.0241,0.2353,6.9977
2265,7.0350,6.5446,0.0247,0.2065,6.8701
2266,6.9068,6.5906,0.0221,0.1888,6.9130
2267,6.9490,6.4978,0.0571,0.1442,6.8529
2268,6.8980,6.6403,0.0253,0.2550,7.0823
2269,7.2079,6.4843,0.0224,0.2305,6.8435
2270,6.8825,7.0477,0.0241,0.2113,7.3930
2271,7.4437,6.0373,0.0226,0.1932,6.3503
2272,6.4215,6.9522,0.0357,0.4029,7.5317
2273,7.6037,6.1124,0.0709,0.1147,6.4202
2274,6.4681,6.5545,0.0352,0.2182,6.9078
2275,6.9478,6.5706,0.0241,0.2695,6.9699
2276,7.0084,6.5908,0.0246,0.1587,6.8906
2277,6.9315,6.8492,0.0267,0.2426,7.2269
2278,7.3119,6.1167,0.0353,0.2220,6.4767
2279,6.5594,6.8016,0.0265,0.0914,7.0214
2280,7.0615,6.4689,0.0246,0.1114,6.7413
2281,6.7864,6.6793,0.0300,0.1348,6.9629
2282,7.0086,7.1941,0.0780,0.1389,7.5494
2283,7.6416,6.1304,0.0414,0.1068,6.4958
2284,6.5688,6.4422,0.0324,0.2016,6.8120
2285,6.9480,6.2561,0.0241,0.4258,6.8222
2286,6.8664,6.2770,0.0240,0.1872,6.5951
2287,6.6424,6.4691,0.0382,0.1145,6.7633
2288,6.8484,6.4060,0.0295,0.2378,6.7864
2289,6.9630,6.3881,0.0304,0.1911,6.7267
2290,6.7865,6.5156,0.0317,0.1999,6.8693
2291,6.9398,7.7278,0.0524,0.2652,8.2079
2292,8.3286,5.1369,0.0299,0.1825,5.4716
2293,5.5220,6.5210,0.0237,0.2202,6.8726
2294,6.9516,6.5936,0.0304,0.2360,6.9709
2295,7.0614,6.4219,0.0347,0.1844,6.7542
2296,6.8055,6.5265,0.0238,0.2132,6.8587
2297,6.9567,6.6381,0.0227,0.1884,6.9569
2298,7.0615,7.0649,0.0675,0.1844,7.4183
2299,7.4728,6.1100,0.0503,0.1402,6.4450
2300,6.4881,6.5397,0.0237,0.1678,6.8264
2301,6.8631,6.5004,0.0387,0.2225,6.9066
2302,7.0455,6.5557,0.0261,0.2089,6.8965
2303,6.9583,6.4780,0.0295,0.2386,6.8551
2304,6.9768,6.5934,0.0256,0.2613,6.9889
2305,7.0885,6.3986,0.0267,0.1783,6.7171
2306,6.7779,7.2263,0.0335,0.1748,7.5622
2307,7.6132,6.5760,0.0254,0.2762,6.9934
2308,7.0388,6.3482,0.0297,0.1270,6.6093
2309,6.6549,6.4641,0.0370,0.1864,6.8120
2310,6.8663,7.2051,0.0346,0.2554,7.6269
2311,7.6898,5.4619,0.0226,0.2780,5.8568
2312,5.8960,6.2412,0.0335,0.1897,6.5823
2313,6.6349,6.5832,0.0241,0.2781,6.9840
2314,7.0255,6.6659,0.0321,0.3495,7.1550
2315,7.2105,6.3111,0.0286,0.2182,6.6729
2316,6.7374,6.3193,0.0332,0.1748,6.6461
2317,6.7044,6.5857,0.0249,0.2815,6.9913
2318,7.0346,6.4821,0.0219,0.2498,6.8401
2319,6.8842,6.5429,0.0253,0.2085,6.8679
2320,6.9725,6.9687,0.0250,0.0799,7.1633
2321,7.2012,6.5428,0.0298,0.1466,6.8250
2322,6.8639,6.6237,0.0243,0.1758,6.9300
2323,6.9698,6.6449,0.0267,0.2480,7.0076
2324,7.0472,6.6951,0.0260,0.1548,6.9610
2325,7.0748,6.4401,0.0478,0.1715,6.7441
2326,6.7824,6.7874,0.0234,0.1409,7.0365
2327,7.0748,6.1882,0.0356,0.1642,6.4698
2328,6.5648,6.9353,0.0249,0.0790,7.1451
2329,7.1903,6.5799,0.0234,0.1439,6.8306
2330,6.8680,7.2260,0.0381,0.3541,7.7524
2331,7.8384,5.9634,0.0313,0.1882,6.2986
2332,6.3559,6.6636,0.0313,0.0904,6.8978
2333,6.9573,6.1859,0.0298,0.2218,6.5631
2334,6.5989,8.3743,0.0657,0.1628,8.7716
2335,8.9253,4.3826,0.0265,0.1729,4.6910
2336,4.7514,6.6005,0.0245,0.1996,6.9319
2337,6.9749,6.5728,0.0332,0.2182,6.9416
2338,6.9853,6.6073,0.0238,0.3278,7.0484
2339,7.0911,6.8571,0.0255,0.1067,7.1038
2340,7.1570,6.6223,0.0242,0.1505,6.8883
2341,7.0024,6.4883,0.0657,0.0800,6.7292
2342,6.7838,6.8052,0.0256,0.0835,7.0030
2343,7.0432,6.1695,0.0222,0.3417,6.6101
2344,6.8656,6.7886,0.0262,0.0810,6.9912
2345,7.0729,6.4558,0.0333,0.2474,6.9159
2346,6.9861,6.3399,0.0676,0.1970,6.7037
2347,6.7435,6.9051,0.0355,0.0809,7.1138
2348,7.1637,6.4869,0.0305,0.1856,6.8003
2349,6.8406,6.4146,0.0554,0.0971,6.7308
2350,6.7694,6.4849,0.0742,0.0833,6.7788
2351,6.8273,7.1551,0.0259,0.3111,7.5769
2352,7.6263,5.9812,0.0264,0.1793,6.2786
2353,6.3194,6.8251,0.0694,0.1779,7.1969
2354,7.2461,6.4098,0.0419,0.2351,6.7912
2355,6.8575,6.3449,0.0318,0.1939,6.6633
2356,6.7131,6.4865,0.0207,0.1846,6.7979
2357,6.8396,6.8158,0.0687,0.1259,7.1046
2358,7.1496,6.6298,0.0237,0.2652,7.0060
2359,7.0445,6.3774,0.0396,0.1071,6.7046
2360,6.7920,6.7583,0.0434,0.1082,7.0905
2361,7.1419,6.1862,0.0673,0.1148,6.5347
2362,6.5965,6.5904,0.0295,0.2213,6.9372
2363,7.0468,6.4648,0.0229,0.2175,6.7953
2364,6.8347,6.6480,0.0229,0.1476,6.9134
2365,7.0411,6.7004,0.0347,0.3007,7.1468
2366,7.2638,6.5185,0.0238,0.2292,6.8652
2367,6.9847,6.7636,0.0247,0.1729,7.0488
2368,7.0894,6.1469,0.0258,0.2169,6.4771
2369,6.5146,6.8437,0.0270,0.1680,7.1452
2370,7.1973,6.6430,0.0366,0.1844,7.0056
2371,7.0793,6.6785,0.0486,0.1341,7.0056
2372,7.0836,5.6556,0.0274,0.2140,6.0041
2373,6.0553,6.6858,0.0240,0.2098,7.0262
2374,7.0677,6.5190,0.0288,0.1880,6.8460
2375,6.9031,6.5337,0.0238,0.2458,6.8977
2376,6.9954,6.4952,0.0241,0.2170,6.8297
2377,6.8699,6.5763,0.0238,0.2094,6.9004
2378,6.9535,10.1547,0.0515,0.2325,10.5528
2379,10.6044,3.3552,0.0280,0.2245,3.7039
2380,3.7775,6.3070,0.0787,0.0936,6.6304
2381,6.6700,6.8217,0.0292,0.1718,7.1310
2382,7.1878,6.4731,0.0922,0.1055,6.7698
2383,6.8096,6.9661,0.0243,0.1651,7.2415
2384,7.2933,6.6679,0.0304,0.0865,6.8911
2385,6.9549,6.4419,0.0271,0.0838,6.6442
2386,6.6842,6.3679,0.0275,0.3111,6.8005
2387,6.8444,6.9095,0.0252,0.1638,7.1874
2388,7.2271,6.1295,0.0305,0.2228,6.4869
2389,6.5437,6.3347,0.0270,0.1778,6.6489
2390,6.6987,6.5836,0.0228,0.2141,6.9163
2391,6.9871,6.5394,0.0245,0.2016,6.8547
2392,6.8909,6.5822,0.0215,0.2230,6.9159
2393,6.9531,6.5616,0.0225,0.2091,6.8814
2394,6.9186,6.6424,0.0250,0.1921,6.9494
2395,6.9876,7.1479,0.0245,0.2030,7.4759
2396,7.5236,6.5552,0.0230,0.1640,6.8302
2397,6.8701,6.2250,0.0237,0.2425,6.6524
2398,6.6910,6.7671,0.0245,0.1623,7.0672
2399,7.1116,6.6422,0.0339,0.0940,6.8838
2400,6.9462,7.1009,0.0389,0.2759,7.5573
2401,7.6388,6.1900,0.0284,0.0902,6.4115
2402,6.5240,6.1722,0.0261,0.2417,6.5367
2403,6.5744,7.6529,0.0525,0.2645,8.1511
2404,8.2230,5.4187,0.0791,0.1231,5.7575
2405,5.8013,6.6132,0.0272,0.0813,6.8132
2406,6.8509,6.7921,0.0258,0.0788,7.0370
2407,7.1624,6.7771,0.0286,0.0954,7.0396
2408,7.0801,6.6349,0.0623,0.1107,6.9858
2409,7.0764,5.9884,0.0292,0.2662,6.3825
2410,6.4361,7.0228,0.0297,0.1705,7.3346
2411,7.4015,5.8537,0.0271,0.2565,6.2353
2412,6.2889,6.8392,0.0216,0.2232,7.1736
2413,7.3048,6.3668,0.0258,0.2112,6.6955
2414,6.7344,6.8124,0.0227,0.1484,7.0666
2415,7.1048,6.7699,0.0237,0.2499,7.2050
2416,7.2551,6.0982,0.0242,0.1967,6.4661
2417,6.5060,6.9335,0.0436,0.0931,7.1863
2418,7.2496,5.9047,0.0353,0.2049,6.2583
2419,6.3413,6.5187,0.0232,0.2093,6.8691
2420,6.9224,6.5547,0.0250,0.2348,6.9300
2421,6.9789,8.0582,0.1129,0.1767,8.5793
2422,8.6954,4.9507,0.0270,0.1952,5.2947
2423,5.4113,6.5299,0.0339,0.2053,6.8719
2424,6.9171,6.6143,0.0326,0.2086,6.9724
2425,7.1400,6.2155,0.0528,0.1580,6.5307
2426,6.6113,6.5651,0.0262,0.1669,6.8527
2427,6.9054,7.0593,0.0396,0.1169,7.3592
2428,7.4162,6.3186,0.0338,0.2501,6.7263
2429,6.7976,6.3549,0.0254,0.2473,6.7348
2430,6.7895,6.9022,0.0249,0.0757,7.0905
2431,7.1284,6.2007,0.0243,0.2305,6.6302
2432,6.7098,7.0831,0.0717,0.2648,7.7668
2433,8.0143,5.7131,0.0305,0.1553,6.0302
2434,6.0793,6.6289,0.0477,0.1328,6.9375
2435,7.0049,6.3032,0.0217,0.3024,6.7357
2436,6.7733,6.5707,0.0276,0.1810,6.9012
2437,6.9428,6.3809,0.0297,0.1975,6.7378
2438,6.7950,6.5763,0.0304,0.2146,6.9394
2439,6.9844,6.5350,0.0244,0.2627,6.9325
2440,6.9884,6.4921,0.0237,0.2259,6.8498
2441,6.8901,6.4793,0.0265,0.2436,6.8552
2442,6.9913,6.5342,0.0275,0.2035,6.8989
2443,6.9574,6.5548,0.0224,0.1504,6.8407
2444,6.8812,6.7795,0.0260,0.1873,7.1292
2445,7.1726,6.3973,0.0573,0.1008,6.7793
2446,6.8231,6.4957,0.0260,0.2099,6.8373
2447,6.8949,6.2713,0.0319,0.1727,6.5990
2448,6.6507,6.5922,0.0248,0.2035,6.9298
2449,7.0191,6.5462,0.0272,0.2084,6.8958
2450,6.9627,6.4929,0.0225,0.2056,6.8299
2451,6.9391,6.6667,0.0279,0.2129,7.0226
2452,7.1098,6.6283,0.0290,0.2098,6.9930
2453,7.0423,7.1605,0.0269,0.2093,7.5279
2454,7.5865,5.4835,0.0210,0.2740,5.8802
2455,5.9402,6.7140,0.0262,0.2087,7.0475
2456,7.0988,6.9731,0.0285,0.0936,7.2240
2457,7.2731,6.3217,0.0255,0.1992,6.7476
2458,6.8327,6.4644,0.0288,0.1944,6.8000
2459,6.8852,7.0270,0.0465,0.2576,7.4501
2460,7.5317,5.8208,0.0356,0.0772,6.0938
2461,6.1480,7.3294,0.0811,0.1437,7.7691
2462,7.8889,5.9245,0.0440,0.1278,6.2182
2463,6.2707,6.4203,0.0248,0.1405,6.6953
2464,6.7687,8.0425,0.0635,0.4999,8.7817
2465,8.8643,4.4133,0.0300,0.1805,4.7516
2466,4.8039,6.6141,0.0243,0.2382,7.0365
2467,7.0833,6.4605,0.0272,0.2363,6.8287
2468,6.8699,6.5017,0.0236,0.2270,6.8723
2469,6.9137,6.9183,0.0246,0.1877,7.2364
2470,7.2818,6.7278,0.0258,0.1630,7.0143
2471,7.0540,6.7140,0.0269,0.1799,7.0463
2472,7.0936,6.6128,0.0291,0.0878,6.8332
2473,6.8747,6.6291,0.0289,0.0845,6.8388
2474,6.8778,6.7926,0.1164,0.1048,7.1313
2475,7.1945,6.6850,0.0379,0.1078,6.9848
2476,7.0399,6.0161,0.0376,0.1857,6.3605
2477,6.4907,6.3194,0.0253,0.2176,6.6683
2478,6.7310,6.4185,0.0279,0.2073,6.7599
2479,6.8098,6.6029,0.0245,0.2111,6.9289
2480,6.9832,6.6602,0.0265,0.2430,7.0198
2481,7.0613,6.4207,0.0220,0.3003,6.8264
2482,6.8728,6.5475,0.0188,0.1718,6.8261
2483,6.8635,6.4575,0.0248,0.2393,6.8193
2484,6.9165,6.7160,0.0240,0.1642,7.0085
2485,7.0500,6.8770,0.0320,0.1604,7.1569
2486,7.2381,6.7233,0.0248,0.0861,6.9199
2487,6.9609,6.5255,0.0534,0.0866,6.7519
2488,6.7916,6.8739,0.0269,0.0931,7.1221
2489,7.1666,6.7398,0.0251,0.0873,6.9409
2490,7.1256,5.9316,0.0351,0.1864,6.2885
2491,6.4145,7.2049,0.0334,0.2643,7.6792
2492,7.7336,5.9090,0.0289,0.1933,6.2738
2493,6.3211,6.4379,0.0280,0.0823,6.6685
2494,6.7114,6.8182,0.0267,0.2409,7.1761
2495,7.2265,6.2969,0.0221,0.1881,6.5974
2496,6.6554,6.8627,0.0254,0.2412,7.2234
2497,7.2690,6.4061,0.0252,0.1460,6.6831
2498,6.7294,6.7579,0.0390,0.1246,7.0417
2499,7.0871,6.7373,0.0380,0.1028,7.0672
2500,7.1128,6.6243,0.0295,0.0790,6.8247
2501,6.8652,6.2040,0.0516,0.1907,6.5751
2502,6.6266,6.9433,0.0245,0.0878,7.1425
2503,7.1806,6.8828,0.0257,0.0961,7.0930
2504,7.1523,6.2888,0.0277,0.1465,6.5819
2505,6.6339,10.4058,0.0395,0.2990,10.8711
2506,10.9716,3.4117,0.0459,0.6650,4.2737
2507,4.4427,5.3422,0.0305,0.2608,5.8235
2508,5.9103,6.1886,0.0246,0.1357,6.4434
2509,6.4895,6.6395,0.0271,0.2752,7.0343
2510,7.0726,6.3244,0.0248,0.1944,6.6295
2511,6.6689,6.7527,0.0304,0.1803,7.0538
2512,7.0956,6.3735,0.0270,0.1771,6.6829
2513,6.7233,6.7009,0.0251,0.3250,7.1418
2514,7.1795,6.6676,0.0329,0.1557,6.9600
2515,7.0008,6.5667,0.0246,0.2231,6.9364
2516,7.0026,6.3534,0.0598,0.1485,6.6759
2517,6.7786,6.4208,0.0236,0.1728,6.7159
2518,6.7825,6.9570,0.0253,0.1993,7.2774
2519,7.3193,6.3966,0.0430,0.1474,6.7234
2520,6.8133,6.4357,0.0322,0.2942,6.8671
2521,6.9720,6.3419,0.0286,0.1913,6.6584
2522,6.7714,6.6403,0.0298,0.1966,6.9556
2523,7.0092,6.7375,0.0253,0.2332,7.0905
2524,7.1401,6.5252,0.0257,0.0904,6.7390
2525,6.7859,6.6346,0.0515,0.0938,6.8827
2526,6.9292,6.8498,0.0236,0.1539,7.1132
2527,7.1522,6.3419,0.0203,0.2508,6.6962
2528,6.7330,6.7812,0.0252,0.1547,7.0904
2529,7.1318,6.6435,0.0237,0.1424,6.8958
2530,6.9351,6.4348,0.0265,0.1779,6.7392
2531,6.7772,6.8937,0.0246,0.2165,7.2223
2532,7.2809,6.4514,0.0698,0.2178,6.9100
2533,6.9660,6.5320,0.0254,0.0907,6.7419
2534,6.7885,6.0914,0.0393,0.1833,6.4351
2535,6.5216,7.0424,0.0316,0.2881,7.4740
2536,7.5329,5.8773,0.0264,0.2058,6.2080
2537,6.2510,6.8993,0.0265,0.1867,7.2213
2538,7.2635,6.4870,0.0267,0.1734,6.7874
2539,6.8350,6.5287,0.0237,0.2458,6.8846
2540,6.9352,6.5054,0.0434,0.1817,6.8422
2541,6.8806,6.5330,0.0301,0.2224,6.8737
2542,6.9140,6.6903,0.0226,0.1605,6.9521
2543,6.9924,6.6872,0.0252,0.3390,7.1365
2544,7.1900,6.7261,0.0258,0.1658,7.0158
2545,7.1311,6.3176,0.0229,0.3807,6.8071
2546,6.8456,6.6993,0.0218,0.1485,6.9561
2547,6.9952,6.7924,0.0249,0.2097,7.1157
2548,7.1655,14.8349,0.0448,0.2570,15.2718
2549,15.3660,4.3220,0.0299,0.2043,4.6630
2550,4.7027,6.7392,0.0301,0.2066,7.0667
2551,7.1058,6.7117,0.0269,0.1052,6.9360
2552,6.9850,6.6692,0.0261,0.2107,6.9958
2553,7.1216,6.4410,0.0459,0.2577,6.8492
2554,6.9032,6.1685,0.0244,0.1936,6.4816
2555,6.5266,6.5817,0.0273,0.2032,6.9036
2556,6.9817,6.6186,0.0252,0.2092,6.9427
2557,6.9833,6.9675,0.0250,0.1009,7.1881
2558,7.2604,6.8996,0.0254,0.1643,7.1810
2559,7.2362,6.3860,0.0462,0.1714,6.7155
2560,6.8198,6.3806,0.0257,0.2295,6.7277
2561,6.7682,6.7544,0.0230,0.1574,7.0277
2562,7.0666,6.6776,0.0330,0.2237,7.0444
2563,7.1253,5.9788,0.0248,0.2168,6.3459
2564,6.3886,6.6078,0.0239,0.1839,6.9077
2565,6.9916,6.6509,0.0266,0.0840,6.8661
2566,6.9049,6.6031,0.0257,0.1826,6.9063
2567,6.9604,6.6485,0.0225,0.1568,6.9226
2568,6.9624,6.8558,0.0292,0.2500,7.2315
2569,7.2768,6.4428,0.0259,0.1561,6.7184
2570,6.7602,7.1109,0.0848,0.2398,7.5566
2571,7.6236,5.9655,0.0251,0.1492,6.2794
2572,6.3217,6.8367,0.0245,0.1674,7.1222
2573,7.2164,6.2083,0.0239,0.2512,6.5702
2574,6.6077,6.4325,0.0216,0.2795,6.8179
2575,6.8900,6.9171,0.0255,0.1630,7.2171
2576,7.2568,6.7700,0.0446,0.3770,7.3220
2577,7.5008,5.6149,0.0304,0.1748,5.9429
2578,5.9920,6.8554,0.0685,0.1806,7.2216
2579,7.2718,6.4121,0.0337,0.1467,6.7128
2580,6.7978,6.5413,0.0279,0.3961,7.0603
2581,7.1096,6.4313,0.0289,0.2244,6.7720
2582,6.8108,6.5379,0.0242,0.1867,6.8379
2583,6.8768,6.6611,0.0278,0.2520,7.0397
2584,7.0791,6.5825,0.0453,0.0764,6.8236
2585,6.8621,6.6078,0.0573,0.1847,6.9536
2586,6.9934,6.8947,0.0250,0.1466,7.1551
2587,7.1932,6.1614,0.0294,0.2180,6.5103
2588,6.5813,6.6610,0.0293,0.2871,7.0667
2589,7.1076,6.5330,0.0425,0.1452,6.8273
2590,6.8655,6.8540,0.0225,0.2064,7.1681
2591,7.2166,5.9946,0.0325,0.3131,6.4702
2592,6.5313,14.4711,0.0425,0.3121,14.9615
2593,15.0505,5.7008,0.0352,0.1674,6.0601
2594,6.1265,6.8896,0.0346,0.1900,7.2962
2595,7.3817,6.0784,0.0415,0.1591,6.4406
2596,6.4944,7.1939,0.0337,0.1346,7.4822
2597,7.5312,6.6475,0.0322,0.1780,6.9781
2598,7.0320,6.3640,0.0273,0.2397,6.7356
2599,6.7772,6.3058,0.0239,0.2825,6.7081
2600,6.7465,6.0280,0.0227,0.1479,6.2900
2601,6.4035,7.0511,0.0624,0.1641,7.4621
2602,7.5643,6.2920,0.0576,0.1905,6.7048
2603,6.7653,6.0763,0.0308,0.2345,6.4522
2604,6.5302,6.4140,0.0493,0.1440,6.7488
2605,6.8083,6.5880,0.0345,0.1031,6.8550
2606,6.9255,6.5481,0.0250,0.2146,6.9092
2607,6.9611,6.2784,0.0288,0.1926,6.6178
2608,6.6686,6.6352,0.0252,0.1755,6.9753
2609,7.0300,6.5417,0.0215,0.2193,6.8874
2610,6.9348,6.5480,0.0215,0.2140,6.8817
2611,6.9188,6.6799,0.0290,0.2238,7.0673
2612,7.1079,6.7055,0.0286,0.2612,7.1135
2613,7.1562,6.4950,0.0310,0.1873,6.8348
2614,6.8793,6.9199,0.0244,0.2104,7.2489
2615,7.3025,6.3741,0.0264,0.0909,6.5927
2616,6.6331,6.5574,0.0227,0.1866,6.8707
2617,6.9221,7.0345,0.0287,0.1846,7.3660
2618,7.4393,6.2852,0.0318,0.1270,6.5687
2619,6.6312,6.8426,0.0668,0.1640,7.2755
2620,7.3953,6.0409,0.0278,0.2930,6.5060
2621,6.5501,6.3086,0.0225,0.3330,6.7698
2622,6.8077,7.0323,0.0274,0.2427,7.4147
2623,7.4736,5.9052,0.0233,0.1896,6.2231
2624,6.2625,6.8684,0.0238,0.1511,7.1443
2625,7.1838,6.5694,0.0247,0.1463,6.9029
2626,6.9426,6.7802,0.0764,0.1885,7.2120
2627,7.2612,6.2538,0.0287,0.1943,6.5895
2628,6.6366,6.0487,0.0200,0.2815,6.4429
2629,6.4794,7.0209,0.0253,0.0856,7.2562
2630,7.2971,6.8910,0.0250,0.2257,7.2350
2631,7.2821,5.9821,0.0225,0.1697,6.2743
2632,6.3228,7.1768,0.0978,0.2882,7.7152
2633,7.7880,5.9536,0.0333,0.2467,6.3548
2634,6.4126,6.9126,0.0389,0.3886,7.4938
2635,7.5653,6.6137,0.0463,0.2570,7.0914
2636,7.1632,5.4035,0.0396,0.3294,5.9089
2637,5.9724,6.3100,0.0309,0.2530,6.7653
2638,6.8109,6.5892,0.0250,0.2227,6.9456
2639,6.9946,6.4797,0.0317,0.2041,6.8138
2640,6.8893,6.3562,0.0301,0.1309,6.6347
2641,6.6774,6.5840,0.0281,0.1682,6.9066
2642,6.9641,6.7976,0.0244,0.1990,7.1177
2643,7.2014,6.5250,0.0266,0.4477,7.0986
2644,7.1962,6.7353,0.0240,0.2038,7.0439
2645,7.0886,6.2982,0.0298,0.0788,6.5794
2646,6.6224,7.0781,0.0313,0.0826,7.2780
2647,7.3317,6.3937,0.0272,0.2409,6.7528
2648,6.7941,7.0631,0.0763,0.1275,7.5005
2649,7.5796,5.5853,0.0268,0.2961,6.0068
2650,6.0799,7.0503,0.0253,0.1739,7.3401
2651,7.4238,6.1771,0.0238,0.1546,6.4426
2652,6.4781,6.8934,0.0280,0.0805,7.0938
2653,7.1348,6.8325,0.0308,0.0917,7.0580
2654,7.1807,6.9490,0.0507,0.1224,7.2846
2655,7.3518,6.1029,0.0263,0.0892,6.3086
2656,6.3499,5.9429,0.0243,0.2319,6.2796
2657,6.3233,7.1035,0.0496,0.1594,7.3981
2658,7.4375,6.7395,0.0329,0.1548,7.0689
2659,7.1317,6.5088,0.0282,0.0806,6.7178
2660,6.8131,6.6348,0.0263,0.0851,6.8402
2661,6.9821,6.4268,0.0409,0.2181,6.8054
2662,6.9196,6.4844,0.0276,0.1661,6.8396
2663,6.9203,6.0893,0.0358,0.1993,6.4501
2664,6.5596,6.4994,0.0289,0.2055,6.8270
2665,6.9241,6.4520,0.0259,0.2216,6.7908
2666,6.8311,6.5157,0.0220,0.2795,6.9017
2667,6.9486,6.5091,0.0219,0.2077,6.8235
2668,6.8615,6.7603,0.0262,0.2329,7.1024
2669,7.1735,6.5880,0.0208,0.1850,6.8747
2670,6.9818,6.6840,0.0228,0.3104,7.1050
2671,7.1917,6.5693,0.0237,0.1653,6.8448
2672,6.8854,6.5966,0.0265,0.1628,6.8734
2673,6.9138,6.7489,0.0281,0.2339,7.1115
2674,7.1578,6.9980,0.0360,0.2646,7.4381
2675,7.4994,5.7623,0.0267,0.1855,6.0664
2676,6.1543,6.3345,0.0262,0.2626,6.7190
2677,6.7767,16.5809,0.0405,0.1250,16.9008
2678,16.9694,3.7329,0.0495,0.1188,4.0254
2679,4.0765,6.7098,0.0557,0.1389,7.0054
2680,7.1219,5.9841,0.0267,0.2125,6.3227
2681,6.3685,6.6349,0.0219,0.2104,6.9573
2682,6.9949,6.4797,0.0234,0.2027,6.7990
2683,6.8361,6.7307,0.0217,0.1746,7.0135
2684,7.0496,6.6451,0.0273,0.2163,6.9813
2685,7.0987,6.5436,0.0210,0.1895,6.8418
2686,6.8958,7.0206,0.0250,0.1724,7.3022
2687,7.3813,6.4547,0.1120,0.0786,6.7819
2688,6.8235,6.8123,0.0309,0.2114,7.1634
2689,7.2654,6.2562,0.0279,0.1978,6.5764
2690,6.6291,6.7320,0.0259,0.1725,7.0250
2691,7.0691,6.1730,0.0348,0.2352,6.6487
2692,6.7081,6.3034,0.0267,0.0986,6.6219
2693,6.6686,6.8493,0.0238,0.1607,7.1244
2694,7.1696,6.6397,0.0250,0.1619,6.9272
2695,6.9702,6.8376,0.0256,0.1571,7.1366
2696,7.1801,6.3357,0.0235,0.2212,6.6638
2697,6.7018,7.0008,0.0242,0.2171,7.3296
2698,7.3825,6.3333,0.0297,0.2577,6.7350
2699,6.8378,6.5305,0.0269,0.1631,6.8099
2700,6.9137,6.2581,0.0300,0.1285,6.5841
2701,6.6409,7.0934,0.0678,0.1860,7.4379
2702,7.4859,5.8657,0.0278,0.1640,6.1842
2703,6.2297,6.7965,0.0233,0.1603,7.0872
2704,7.1246,6.7573,0.0233,0.0763,6.9555
2705,6.9930,7.4150,0.0615,0.2976,7.9635
2706,8.0499,5.5396,0.0415,0.2046,5.9155
2707,6.0306,6.2966,0.0291,0.2270,6.6953
2708,6.8207,6.3439,0.0307,0.2422,6.7084
2709,6.7502,6.6446,0.0261,0.1575,6.9183
2710,6.9604,6.7296,0.0257,0.2540,7.1223
2711,7.1688,6.0543,0.0233,0.2608,6.4247
2712,6.4787,6.9308,0.0433,0.0987,7.1905
2713,7.2523,6.3551,0.0238,0.1668,6.6473
2714,6.7036,6.5112,0.0240,0.1669,6.8006
2715,6.8791,6.6418,0.0245,0.3520,7.1113
2716,7.1668,6.4877,0.0248,0.2209,6.8277
2717,6.8683,6.5459,0.0230,0.1907,6.8809
2718,6.9376,7.4255,0.0303,0.2326,7.7876
2719,7.8746,7.8188,0.0474,0.3398,8.3418
2720,10.1608,2.6679,0.0401,0.1576,3.0049
2721,3.1115,6.1006,0.0351,0.1684,6.4262
2722,6.4897,6.5714,0.0274,0.1959,6.9016
2723,6.9457,6.5476,0.0234,0.2530,6.9283
2724,6.9701,6.5311,0.0236,0.2115,6.8528
2725,6.8909,6.6464,0.0268,0.1796,6.9504
2726,7.0411,6.4559,0.0216,0.1669,6.7398
2727,6.7772,7.0477,0.0239,0.1625,7.3388
2728,7.3806,6.6770,0.0231,0.1410,6.9255
2729,6.9649,6.8012,0.0228,0.2090,7.1167
2730,7.1618,6.2687,0.0236,0.2055,6.5860
2731,6.6239,6.8306,0.0727,0.1625,7.1735
2732,7.2134,6.3173,0.0247,0.2028,6.6329
2733,6.6687,7.0660,0.0245,0.2208,7.3970
2734,7.4411,6.3904,0.0348,0.2181,6.7635
2735,6.8339,5.9356,0.0251,0.1279,6.1995
2736,6.2494,6.5705,0.0289,0.2421,6.9498
2737,7.0630,6.5183,0.0241,0.2310,6.8658
2738,7.0087,6.4635,0.0259,0.2374,6.8229
2739,6.9102,7.4611,0.0388,0.1659,7.8027
2740,7.8543,6.3498,0.0329,0.1645,6.6412
2741,6.6848,6.4822,0.0302,0.1763,6.7818
2742,6.8242,6.7087,0.0251,0.2601,7.0801
2743,7.1307,6.2892,0.0256,0.1822,6.6240
2744,6.6644,6.3432,0.0252,0.1790,6.6314
2745,6.6937,6.7943,0.0295,0.1901,7.1208
2746,7.1717,7.1528,0.0406,0.2460,7.5687
2747,7.6372,5.5642,0.0608,0.1312,5.8997
2748,5.9455,6.6650,0.0271,0.2010,7.0460
2749,7.0870,6.9539,0.0384,0.2799,7.4407
2750,7.5739,5.7521,0.0270,0.2469,6.1273
2751,6.2034,6.5896,0.0294,0.1882,6.8999
2752,6.9490,6.5192,0.0233,0.1863,6.8321
2753,6.8731,6.7210,0.0426,0.2658,7.1193
2754,7.1595,6.0861,0.0276,0.2155,6.4264
2755,6.5110,6.5775,0.0234,0.2131,6.9033
2756,6.9909,6.4877,0.0239,0.2657,6.8620
2757,6.9031,6.9525,0.0279,0.1734,7.2924
2758,7.3812,6.8747,0.0228,0.2096,7.2112
2759,7.2906,6.0507,0.0238,0.2081,6.3812
2760,6.4570,6.6822,0.0258,0.1497,6.9579
2761,6.9956,6.2586,0.0238,0.3182,6.7011
2762,6.7446,6.9181,0.0313,0.2276,7.2971
2763,7.3540,14.1766,0.0422,0.3117,14.6846
2764,14.7853,5.2768,0.0339,0.3153,5.8066
2765,5.8538,6.4171,0.0290,0.2050,6.7631
2766,6.8230,6.5625,0.0267,0.1736,6.8717
2767,6.9196,6.4288,0.0222,0.2605,6.8133
2768,6.8566,6.5376,0.0257,0.1473,6.8072
2769,6.8460,6.5714,0.0225,0.2338,6.9238
2770,7.0374,6.5814,0.0251,0.3282,7.0442
2771,7.0972,6.6243,0.0434,0.1674,6.9623
2772,7.0018,6.6622,0.0231,0.1461,6.9257
2773,6.9636,6.4360,0.0253,0.2371,6.7971
2774,6.8388,6.6756,0.0247,0.1540,6.9581
2775,7.0003,7.3038,0.0437,0.1202,7.6642
2776,7.7776,5.7099,0.0680,0.1344,6.0227
2777,6.0648,6.6751,0.0402,0.1143,7.0154
2778,7.0954,6.4413,0.0342,0.0952,6.6981
2779,6.7636,6.3915,0.0264,0.2164,6.7477
2780,6.8677,6.6087,0.0270,0.2875,7.0479
2781,7.0919,6.5349,0.0236,0.3254,6.9828
2782,7.0248,6.2399,0.0282,0.1518,6.5690
2783,6.6123,6.3649,0.0265,0.2191,6.7255
2784,6.7649,6.6651,0.0254,0.2114,7.0098
2785,7.0538,7.3101,0.0252,0.2275,7.6621
2786,7.7156,6.6696,0.0406,0.2231,7.0788
2787,7.1502,5.9242,0.0291,0.1551,6.2224
2788,6.2636,6.6296,0.0222,0.1676,6.9206
2789,6.9590,6.7633,0.0242,0.1559,7.0565
2790,7.1028,6.4739,0.0579,0.0992,6.8124
2791,6.8519,6.6450,0.0503,0.0901,6.9492
2792,7.0016,6.1371,0.0902,0.2484,6.6252
2793,6.6881,6.9093,0.0249,0.0773,7.1242
2794,7.1714,6.7010,0.0263,0.0836,6.9135
2795,6.9592,6.4047,0.0292,0.1254,6.6943
2796,6.7377,6.8560,0.0264,0.0866,7.0623
2797,7.1033,7.3155,0.0393,0.1297,7.6739
2798,7.7442,5.6653,0.0283,0.2070,6.0080
2799,6.0508,7.3594,0.0482,0.1433,7.7474
2800,7.8866,5.7276,0.0301,0.2507,6.1232
2801,6.2509,6.7459,0.0285,0.2178,7.0941
2802,7.1521,6.1129,0.0278,0.2299,6.4685
2803,6.5056,6.7717,0.0229,0.1678,7.0600
2804,7.1006,6.5640,0.0223,0.1573,6.8349
2805,6.8726,15.3874,0.0534,0.3154,15.9114
2806,16.0661,4.4179,0.0451,0.0919,4.6714
2807,4.7139,6.5750,0.0280,0.1232,6.8344
2808,6.9035,6.4613,0.0394,0.2716,6.8726
2809,6.9190,6.4589,0.0278,0.4739,7.0470
2810,7.0881,6.4313,0.0291,0.2182,6.8136
2811,6.8545,6.6119,0.0198,0.2022,6.9243
2812,7.0376,6.2115,0.0268,0.2161,6.5462
2813,6.5907,6.7124,0.0259,0.2685,7.0967
2814,7.1545,6.6525,0.0291,0.1260,6.9795
2815,7.0253,6.5112,0.0301,0.1974,6.8260
2816,6.8656,6.7292,0.0226,0.1642,6.9978
2817,7.0380,6.8587,0.0247,0.2192,7.2517
2818,7.3158,6.4519,0.0271,0.0841,6.6566
2819,6.6972,6.3942,0.0263,0.2860,6.7963
2820,6.8502,6.6926,0.0505,0.3154,7.1636
2821,7.2405,5.8864,0.0251,0.1833,6.1946
2822,6.2431,7.0982,0.0327,0.0892,7.3252
2823,7.4139,6.6145,0.0255,0.0864,6.8202
2824,6.8589,6.4664,0.0257,0.1727,6.7757
2825,6.8145,7.4023,0.0370,0.1265,7.6864
2826,7.7702,5.5023,0.0367,0.2761,5.9489
2827,6.0092,6.9667,0.0315,0.0838,7.1923
2828,7.3054,6.7654,0.0355,0.0889,6.9938
2829,7.1152,6.2082,0.0360,0.1907,6.5316
2830,6.6183,6.6263,0.0249,0.0851,6.8300
2831,6.8764,6.7292,0.0233,0.2126,7.0509
2832,7.0936,6.7632,0.0596,0.0893,7.0599
2833,7.1142,6.7791,0.0401,0.0881,7.0595
2834,7.1100,6.4174,0.0625,0.1632,6.8904
2835,6.9845,6.0590,0.0347,0.1705,6.3817
2836,6.4459,6.5267,0.0241,0.2197,6.8630
2837,6.9025,6.6568,0.0506,0.1513,6.9544
2838,6.9987,6.3614,0.0254,0.1959,6.6776
2839,6.7177,6.6398,0.0322,0.1701,6.9506
2840,6.9963,6.5202,0.0514,0.1851,6.8470
2841,6.9028,6.5708,0.0234,0.2401,6.9263
2842,6.9977,6.4685,0.0269,0.2286,6.8218
2843,6.8646,6.6473,0.0246,0.1146,6.8900
2844,6.9290,7.0618,0.0260,0.0837,7.2589
2845,7.3046,6.6599,0.0241,0.1474,6.9184
2846,7.0313,16.4489,0.0503,0.3005,16.9242
2847,17.0105,3.3445,0.0300,0.2919,3.7797
2848,3.8252,6.0603,0.0378,0.2389,6.4606
2849,6.5254,6.6383,0.0321,0.1012,7.1057
2850,7.1547,6.2982,0.0282,0.1837,6.5994
2851,6.6611,6.4327,0.0237,0.2464,6.8189
2852,6.8602,6.5997,0.0229,0.2621,6.9702
2853,7.0108,6.5264,0.0329,0.2517,6.9261
2854,7.0044,6.8224,0.0301,0.1891,7.1426
2855,7.1896,6.3422,0.0218,0.2438,6.6948
2856,6.7360,6.9781,0.0230,0.2109,7.2939
2857,7.3658,6.4630,0.0234,0.2001,6.7747
2858,6.8169,6.6000,0.0250,0.0828,6.7943
2859,6.8297,6.8192,0.0270,0.0820,7.0202
2860,7.0609,6.4192,0.0364,0.1528,6.6969
2861,6.8183,6.7049,0.0241,0.1574,6.9782
2862,7.2791,7.0853,0.0352,0.1740,7.4189
2863,7.4860,6.1481,0.0508,0.1385,6.5107
2864,6.5864,5.9723,0.0276,0.3041,6.4079
2865,6.4563,6.5836,0.0260,0.2797,6.9857
2866,7.0321,6.4058,0.0264,0.3002,6.8301
2867,6.8735,6.3353,0.0248,0.1797,6.6189
2868,6.6552,6.7625,0.0307,0.2219,7.0977
2869,7.1779,6.5973,0.0585,0.1329,6.9066
2870,6.9537,6.2628,0.0254,0.2159,6.6133
2871,6.6691,6.7345,0.0205,0.2205,7.0585
2872,7.0985,6.5319,0.0231,0.1854,6.8309
2873,6.8876,6.6585,0.0238,0.1028,6.9219
2874,6.9636,6.8504,0.0235,0.0720,7.0358
2875,7.1432,6.5416,0.0233,0.1984,6.8497
2876,6.8916,7.0093,0.0252,0.2376,7.3608
2877,7.4113,5.8190,0.0375,0.1511,6.1359
2878,6.2089,7.0987,0.0328,0.0969,7.3403
2879,7.4059,6.5511,0.0342,0.0892,6.7818
2880,6.9159,6.6086,0.0406,0.2194,6.9661
2881,7.0226,6.2686,0.0282,0.1900,6.5952
2882,6.6621,6.7574,0.0350,0.4453,7.3557
2883,7.4206,5.9042,0.0320,0.1679,6.2098
2884,6.2696,6.8490,0.0326,0.2857,7.2770
2885,7.3216,6.5262,0.0278,0.1609,6.8104
2886,6.8661,6.5048,0.0343,0.0934,6.7593
2887,6.8092,6.5766,0.0245,0.1207,6.8464
2888,6.8862,6.6270,0.0293,0.1195,6.9233
2889,6.9863,8.2913,0.0582,0.2844,8.8625
2890,8.9464,4.2824,0.0297,0.1759,4.6001
2891,4.6546,6.6403,0.0276,0.1546,6.9294
2892,6.9712,6.6841,0.0366,0.1647,7.0114
2893,7.0812,6.4445,0.0241,0.2005,6.7736
2894,6.8403,6.5289,0.0239,0.2158,6.8590
2895,6.9342,6.8287,0.0289,0.2126,7.1655
2896,7.2231,6.8040,0.0258,0.1557,7.0938
2897,7.1317,6.7669,0.0311,0.0913,6.9873
2898,7.0345,6.2884,0.0821,0.2136,6.8010
2899,6.8471,6.6669,0.0279,0.1826,6.9791
2900,7.0281,6.9893,0.0561,0.1249,7.3345
2901,7.4231,5.7788,0.0263,0.4208,6.3239
2902,6.3704,6.9177,0.0357,0.1896,7.2478
2903,7.3124,6.0006,0.0267,0.1854,6.3663
2904,6.4093,7.0126,0.0379,0.2531,7.4695
2905,7.5169,6.3664,0.0277,0.0971,6.5878
2906,6.6961,6.0884,0.1042,0.2582,6.6067
2907,6.6909,6.6033,0.0390,0.1614,6.9128
2908,6.9758,6.2831,0.0255,0.2367,6.6479
2909,6.7289,6.5584,0.0302,0.1475,6.8343
2910,6.8727,6.3945,0.0298,0.2637,6.7822
2911,6.8252,6.7848,0.0251,0.2449,7.1459
2912,7.1888,6.3273,0.0250,0.2402,6.6793
2913,6.7174,6.7424,0.0284,0.1987,7.0594
2914,7.1881,6.8578,0.0239,0.1605,7.1338
2915,7.2176,6.4228,0.0252,0.1507,6.6828
2916,6.7202,6.9378,0.0243,0.1544,7.2056
2917,7.2458,6.4365,0.0239,0.1779,6.7323
2918,6.7753,6.9760,0.0400,0.2687,7.3890
2919,7.4470,6.0656,0.0294,0.0806,6.2748
2920,6.3165,6.4015,0.0366,0.1787,6.7449
2921,6.8353,6.8631,0.1264,0.2739,7.3883
2922,7.4917,5.8308,0.0256,0.2207,6.1762
2923,6.2224,6.8003,0.0291,0.0794,7.0903
2924,7.1344,6.3746,0.0365,0.2272,6.7347
2925,6.8044,6.5673,0.0242,0.1583,6.8489
2926,6.8857,6.7215,0.0267,0.2221,7.0736
2927,7.1131,6.6962,0.0224,0.1212,6.9389
2928,7.0141,6.7495,0.0240,0.1533,7.0159
2929,7.0547,6.3908,0.0243,0.1521,6.7383
2930,6.7772,6.5941,0.0494,0.1644,6.9022
2931,6.9384,15.2109,0.0433,0.2561,15.6725
2932,15.7828,4.9135,0.0570,0.0996,5.1972
2933,5.2433,6.4707,0.0249,0.1440,6.7508
2934,6.8433,6.7110,0.0397,0.2634,7.1510
2935,7.3288,6.1801,0.0288,0.2297,6.5583
2936,6.6024,6.4213,0.0287,0.2412,6.7942
2937,6.8367,6.5719,0.0247,0.1662,6.8879
2938,6.9825,6.6199,0.0280,0.2242,6.9782
2939,7.0200,6.3459,0.0288,0.2065,6.7001
2940,6.8159,6.4379,0.0273,0.2259,6.7871
2941,6.8248,6.9981,0.0393,0.3211,7.5141
2942,7.5934,5.9953,0.0251,0.1371,6.2770
2943,6.3649,6.4181,0.0247,0.3288,6.8984
2944,6.9505,6.4821,0.0221,0.1614,6.7645
2945,6.8844,6.3525,0.0218,0.2435,6.7221
2946,6.8007,6.8171,0.0258,0.2302,7.1837
2947,7.2240,6.4067,0.0298,0.1275,6.6628
2948,6.7016,6.6324,0.0235,0.2563,7.0228
2949,7.0641,6.4316,0.0296,0.1817,6.7762
2950,6.8534,6.4374,0.0265,0.1998,6.7770
2951,6.8239,6.5891,0.0229,0.2506,6.9642
2952,7.0068,7.2442,0.0724,0.2002,7.6284
2953,7.6774,5.9307,0.0251,0.1486,6.2099
2954,6.3085,6.4765,0.0258,0.1882,6.7881
2955,6.8318,6.8148,0.0228,0.1769,7.1152
2956,7.1540,7.0910,0.0241,0.2226,7.4345
2957,7.4834,6.1227,0.0243,0.1665,6.4129
2958,6.4575,6.7670,0.0291,0.2320,7.1446
2959,7.2011,6.8044,0.0295,0.1869,7.1341
2960,7.2164,6.1798,0.0306,0.1337,6.4890
2961,6.5481,6.7370,0.0271,0.0793,6.9522
2962,7.0041,6.6043,0.0266,0.0826,6.8713
2963,6.9163,6.9457,0.0347,0.3267,7.4392
2964,7.5077,5.9463,0.0323,0.1473,6.2501
2965,6.3080,6.4563,0.0354,0.2054,6.8073
2966,6.8520,6.6384,0.0380,0.1604,6.9560
2967,7.0169,6.4978,0.0218,0.1666,6.7867
2968,6.8424,6.7300,0.0378,0.1185,7.0189
2969,7.0895,6.5396,0.0306,0.1107,6.8223
2970,6.8679,6.5339,0.0262,0.1352,6.7864
2971,6.8517,6.8741,0.0250,0.0804,7.0750
2972,7.1141,6.5770,0.0293,0.0893,6.8051
2973,6.8596,6.8723,0.0273,0.0887,7.0843
2974,7.1938,6.3116,0.0623,0.1760,6.6404
2975,6.6807,16.7693,0.0536,0.1194,17.1235
2976,17.1994,3.3885,0.0932,0.0953,3.7633
2977,3.8008,6.1516,0.0331,0.0943,6.4207
2978,6.5017,6.7227,0.0932,0.1098,7.0860
2979,7.1300,6.5346,0.0437,0.1150,6.7978
2980,6.8370,6.6707,0.0330,0.0834,6.8774
2981,6.9181,6.8191,0.0244,0.0783,7.0043
2982,7.0435,6.4154,0.0265,0.3884,6.9156
2983,6.9647,7.1576,0.0636,0.0841,7.3952
2984,7.4367,6.1902,0.0278,0.0986,6.4007
2985,6.4548,6.6447,0.0265,0.3102,7.0709
2986,7.1130,6.7840,0.0234,0.0772,6.9707
2987,7.0094,6.7309,0.0228,0.0682,6.9033
2988,6.9426,6.6505,0.0229,0.0721,6.8283
2989,6.8744,6.5328,0.0240,0.0704,6.7162
2990,6.7583,7.1705,0.0310,0.0874,7.3959
2991,7.5236,6.0934,0.0266,0.4904,6.7054
2992,6.8298,5.8632,0.0304,0.1943,6.2011
2993,6.2526,6.6056,0.0221,0.2101,6.9357
2994,7.0211,6.6481,0.0259,0.2123,6.9792
2995,7.0172,6.3335,0.0233,0.2109,6.6589
2996,6.7006,6.7267,0.0257,0.1764,7.0255
2997,7.1518,6.5536,0.0277,0.1740,6.8428
2998,6.9552,6.4848,0.0395,0.3175,6.9419
2999,6.9909,6.5976,0.0256,0.1861,6.8945
